地域,所在地都道府県,所在地市区町村,区,種別,公園名,所在地,緯度,経度
九州,福岡県,福岡市,東区,国営,雁の巣レクリエーションセンター,大字奈多字裏附1429番外,33.68174421,130.39792653
九州,福岡県,福岡市,東区,都市緑地,青葉公園,青葉五丁目529-33外,33.64742335,130.46057475
九州,福岡県,福岡市,東区,総合,アイランドシティ中央公園,香椎照葉四丁目23-9外,33.66425603,130.42096897
九州,福岡県,福岡市,東区,風致,青葉の杜公園,みどりが丘一丁目886−122,33.65125451,130.46784692
九州,福岡県,福岡市,東区,歴史,金印公園,大字志賀島字古戸1863，1870，1872−1外,33.66058264,130.30090769
九州,福岡県,福岡市,東区,地区,汐井公園,箱崎ふ頭二丁目4，箱崎ふ頭一丁目9,33.62279209,130.41559678
九州,福岡県,福岡市,東区,地区,箱崎公園,原田四丁目127−1外,33.62156097,130.44138019
九州,福岡県,福岡市,東区,地区,香椎浜公園,香椎浜三丁目21-2の一部,33.65151517,130.42023464
九州,福岡県,福岡市,東区,近隣,貝塚公園,箱崎七丁目4125−1，4125−10，4128−15外,33.63255449,130.4246839
九州,福岡県,福岡市,東区,近隣,社領南公園,社領三丁目1,33.60938276,130.43316809
九州,福岡県,福岡市,東区,近隣,潮見公園,大字志賀島968−1外,33.67496236,130.30646174
九州,福岡県,福岡市,東区,都市緑地,城浜公園,城浜団地1−48外,33.64921042,130.42114675
九州,福岡県,福岡市,東区,近隣,箱崎ふ頭記念公園,箱崎ふ頭五丁目6,33.63405041,130.41864849
九州,福岡県,福岡市,東区,近隣,美和台中央公園,美和台二丁目346,33.70097533,130.42887652
九州,福岡県,福岡市,東区,近隣,高美台南公園,高美台二丁目213−1,33.68766588,130.44550405
九州,福岡県,福岡市,東区,近隣,松崎中央公園,水谷一丁目252−108,33.6484129,130.44691297
九州,福岡県,福岡市,東区,近隣,香椎浜南公園,香椎浜一丁目7−40,33.65362392,130.43081329
九州,福岡県,福岡市,東区,近隣,香椎浜西公園,香椎浜二丁目7−52,33.65377813,130.42938062
九州,福岡県,福岡市,東区,近隣,上和白中央公園,高美台四丁目1−72外,33.69437925,130.44392792
九州,福岡県,福岡市,東区,近隣,香椎浜東公園,香椎浜四丁目7−76,33.65736674,130.43309883
九州,福岡県,福岡市,東区,近隣,香椎浜北公園,香椎浜三丁目7−99,33.65956143,130.42822103
九州,福岡県,福岡市,東区,近隣,みどりが丘公園,みどりが丘三丁目204−1外,33.64649169,130.47651612
九州,福岡県,福岡市,東区,近隣,宮の台中央公園,香椎三丁目910−1,33.65902932,130.45574643
九州,福岡県,福岡市,東区,近隣,香椎台おいの山公園,香椎台五丁目977−266，977−294,33.65497969,130.45888088
九州,福岡県,福岡市,東区,都市緑地,牧の鼻公園,香住ヶ丘五丁目15-7，15-8,33.67557482,130.42780053
九州,福岡県,福岡市,東区,街区,向の山公園,香住ケ丘二丁目34−1,33.66967948,130.43863952
九州,福岡県,福岡市,東区,街区,琵琶橋公園,香住ケ丘二丁目10,33.66971964,130.44129114
九州,福岡県,福岡市,東区,街区,名島公園,名島五丁目2666−80，2666−46,33.64188125,130.43691001
九州,福岡県,福岡市,東区,街区,土井団地西公園,青葉六丁目575−7,33.64104613,130.4656801
九州,福岡県,福岡市,東区,街区,土井団地東公園,青葉六丁目888−67,33.64200192,130.4692123
九州,福岡県,福岡市,東区,街区,二又瀬公園,二又瀬5,33.60873021,130.43951268
九州,福岡県,福岡市,東区,街区,郷口公園,郷口町12,33.61442274,130.43000197
九州,福岡県,福岡市,東区,街区,社領北公園,社領二丁目22,33.61350913,130.43395961
九州,福岡県,福岡市,東区,街区,三苫公園,三苫六丁目1328−5,33.70201197,130.41708089
九州,福岡県,福岡市,東区,街区,香椎宮前公園,香椎五丁目2039−5，2040-8,33.65179267,130.45039372
九州,福岡県,福岡市,東区,街区,松葉谷公園,松香台一丁目204,33.66676394,130.44707919
九州,福岡県,福岡市,東区,都市緑地,八田公園,八田三丁目80-1外,33.64002899,130.45704295
九州,福岡県,福岡市,東区,街区,多々良東公園,舞松原一丁目2204,33.63798602,130.45233791
九州,福岡県,福岡市,東区,街区,松原公園,水谷一丁目155−326,33.6473527,130.44716626
九州,福岡県,福岡市,東区,都市緑地,西戸崎公園,西戸崎三丁目2895-23,33.64668357,130.35735298
九州,福岡県,福岡市,東区,街区,美和台南公園,美和台三丁目62−1,33.7001762,130.42557931
九州,福岡県,福岡市,東区,街区,美和台北公園,美和台五丁目159,33.70485873,130.42516376
九州,福岡県,福岡市,東区,街区,松崎東公園,若宮四丁目273,33.64158025,130.44591911
九州,福岡県,福岡市,東区,街区,津屋本町公園,多の津五丁目1421−5,33.62298664,130.44929856
九州,福岡県,福岡市,東区,街区,上川原公園,多々良一丁目1000−8，1006-2，1006-6，1009-1，1019-3，1019-4,33.63027362,130.45709658
九州,福岡県,福岡市,東区,街区,多の津公園,多の津一丁目20,33.62553192,130.45235869
九州,福岡県,福岡市,東区,街区,大浦公園,若宮三丁目71,33.63885827,130.44878889
九州,福岡県,福岡市,東区,街区,親王公園,若宮一丁目274,33.63572457,130.45373545
九州,福岡県,福岡市,東区,街区,青葉台北公園,青葉三丁目424−45,33.64494316,130.46481734
九州,福岡県,福岡市,東区,都市緑地,千早公園,香椎浜一丁目7-115，7-135,33.64688123,130.43225288
九州,福岡県,福岡市,東区,街区,浜田公園,多の津三丁目1802−3,33.62878961,130.44354452
九州,福岡県,福岡市,東区,街区,原田公園,原田二丁目1244−1,33.61907114,130.43455326
九州,福岡県,福岡市,東区,街区,上和白公園,和白東二丁目822，824，825和白東三丁目489−7，490−55,33.69331383,130.43912275
九州,福岡県,福岡市,東区,街区,下原公園,下原三丁目441，443，447-2，744-1,33.67377519,130.45590751
九州,福岡県,福岡市,東区,街区,香椎芹田公園,香椎二丁目804−1,33.65684065,130.44945625
九州,福岡県,福岡市,東区,街区,青葉岩田公園,青葉一丁目715−1,33.63794585,130.46171257
九州,福岡県,福岡市,東区,街区,青葉台南公園,青葉三丁目356−48,33.64151197,130.46176996
九州,福岡県,福岡市,東区,街区,高美台中公園,高美台二丁目413,33.68898791,130.44530815
九州,福岡県,福岡市,東区,街区,高美台北公園,高美台三丁目226,33.69124484,130.44513203
九州,福岡県,福岡市,東区,街区,高美台東公園,高美台一丁目261,33.68602418,130.44844458
九州,福岡県,福岡市,東区,街区,土井公園,八田一丁目622−7,33.63493394,130.4596546
九州,福岡県,福岡市,東区,街区,和白公園,和白三丁目1523−17，1523-23和白四丁目1610−4,33.68878711,130.43007618
九州,福岡県,福岡市,東区,街区,多田羅大橋公園,多々良二丁目516−2,33.63126341,130.44578307
九州,福岡県,福岡市,東区,街区,津屋南公園,多の津五丁目1313−1，1318−1,33.6208542,130.4516008
九州,福岡県,福岡市,東区,街区,奈多東公園,奈多団地2359−14,33.68582288,130.41559678
九州,福岡県,福岡市,東区,街区,奈多西公園,奈多団地1912−4,33.6851703,130.41306141
九州,福岡県,福岡市,東区,街区,美和台東公園,美和台一丁目66−7，72−1,33.70122033,130.43323734
九州,福岡県,福岡市,東区,街区,松島公園,松島一丁目12区4−1，4-2,33.62651059,130.43347728
九州,福岡県,福岡市,東区,街区,米田公園,馬出六丁目85−1,33.61086365,130.42726873
九州,福岡県,福岡市,東区,街区,多田羅公園,多々良一丁目637−1,33.63066905,130.4510863
九州,福岡県,福岡市,東区,街区,香椎浜御幸公園,香椎浜四丁目7−26,33.65744304,130.43732361
九州,福岡県,福岡市,東区,街区,香椎台東公園,水谷二丁目209−163,33.65241915,130.44671311
九州,福岡県,福岡市,東区,街区,新浜公園,御島崎一丁目735−4，735−6,33.65844942,130.43692389
九州,福岡県,福岡市,東区,街区,八尻中公園,香椎駅東四丁目1−59,33.66619207,130.45317396
九州,福岡県,福岡市,東区,街区,八尻西公園,香椎駅東四丁目1−146,33.66486843,130.45289692
九州,福岡県,福岡市,東区,街区,八尻南公園,香椎駅東四丁目530−130,33.66447648,130.45418712
九州,福岡県,福岡市,東区,街区,八尻北公園,下原二丁目1327−16,33.66837029,130.45653795
九州,福岡県,福岡市,東区,街区,大蔵池南公園,高美台一丁目329,33.69013244,130.44857815
九州,福岡県,福岡市,東区,都市緑地,御島崎公園,御島崎二丁目,33.66037062,130.43787768
九州,福岡県,福岡市,東区,街区,香椎１号公園,香椎台三丁目1576-355,33.64987146,130.46082012
九州,福岡県,福岡市,東区,街区,名島西公園,名島一丁目2736-5の一部，2736-22，2736-30，2736-35，2736-36,33.64288729,130.42324925
九州,福岡県,福岡市,東区,街区,大蔵池北公園,高美台四丁目1-26,33.69223275,130.44676258
九州,福岡県,福岡市,東区,都市緑地,筥松公園,筥松三丁目2201-1,33.61692183,130.43043336
九州,福岡県,福岡市,東区,街区,高浜公園,三苫二丁目1752-579,33.69192754,130.41542796
九州,福岡県,福岡市,東区,街区,名島南公園,名島四丁目2821，2822,33.64219307,130.43268921
九州,福岡県,福岡市,東区,街区,蒲田公園,蒲田二丁目1185-5,33.6371748,130.4841702
九州,福岡県,福岡市,東区,街区,土井南公園,土井三丁目299-1,33.63295072,130.46385642
九州,福岡県,福岡市,東区,街区,香椎早田公園,香椎駅東四丁目525-42,33.66537443,130.45582558
九州,福岡県,福岡市,東区,街区,上唐原公園,唐原七丁目5-2,33.67316527,130.4453131
九州,福岡県,福岡市,東区,街区,三留池公園,青葉五丁目848地先,33.64331109,130.46705736
九州,福岡県,福岡市,東区,街区,みどりが丘２号公園,みどりが丘二丁目870-155,33.64735109,130.47301163
九州,福岡県,福岡市,東区,街区,みどりが丘東公園,みどりが丘三丁目855-100,33.64451908,130.47481434
九州,福岡県,福岡市,東区,街区,みどりが丘中公園,みどりが丘二丁目883-55,33.64731293,130.47080278
九州,福岡県,福岡市,東区,街区,松崎西公園,松崎三丁目70,33.63690172,130.43623526
九州,福岡県,福岡市,東区,街区,和白新町公園,和白六丁目1068,33.69585007,130.42592375
九州,福岡県,福岡市,東区,街区,社領東公園,社領三丁目13-8，13-10,33.60980245,130.43611653
九州,福岡県,福岡市,東区,街区,志賀島南公園,大字志賀島1735-140,33.66030634,130.30771087
九州,福岡県,福岡市,東区,街区,美和台７号公園,美和台二丁目386,33.69724619,130.42900069
九州,福岡県,福岡市,東区,街区,香椎井ノ本公園,香椎三丁目896-39,33.65845906,130.45508352
九州,福岡県,福岡市,東区,街区,松香団地公園,舞松原四丁目1992-10，1996-1の各一部,33.64795745,130.45204829
九州,福岡県,福岡市,東区,街区,筥松東公園,筥松一丁目5-6，5-11，5-13，5-14,33.6149187,130.43270306
九州,福岡県,福岡市,東区,都市緑地,松崎公園,松崎一丁目2759，2760，2763，2764，2765，2757-1，2757-3,33.63517007,130.43948844
九州,福岡県,福岡市,東区,街区,三苫中公園,三苫三丁目1873-73,33.69725262,130.41680324
九州,福岡県,福岡市,東区,街区,唐原西公園,唐原一丁目550-1，三丁目812-3,33.67614507,130.43840207
九州,福岡県,福岡市,東区,都市緑地,奈多公園,奈多団地1993-10,33.68645789,130.40905121
九州,福岡県,福岡市,東区,街区,唐原北公園,唐原二丁目772-80,33.68042601,130.43380131
九州,福岡県,福岡市,東区,街区,青葉小谷公園,青葉五丁目432-11,33.6458893,130.46371118
九州,福岡県,福岡市,東区,街区,馬出東公園,馬出一丁目198-3，291,33.61056748,130.422198
九州,福岡県,福岡市,東区,街区,松崎南公園,松崎一丁目7,33.6334609,130.44176804
九州,福岡県,福岡市,東区,街区,青葉北公園,青葉五丁目864-153,33.64703784,130.467372
九州,福岡県,福岡市,東区,街区,香住ヶ丘南公園,香住ヶ丘一丁目10-44,33.6684747,130.43893635
九州,福岡県,福岡市,東区,街区,馬出南公園,馬出一丁目65-3,33.60857519,130.42198775
九州,福岡県,福岡市,東区,街区,下原南公園,下原二丁目1483-9,33.66727154,130.45797062
九州,福岡県,福岡市,東区,街区,塩浜公園,塩浜一丁目170-1,33.69249137,130.42308797
九州,福岡県,福岡市,東区,街区,唐原東公園,唐原四丁目701-1,33.67845019,130.44081623
九州,福岡県,福岡市,東区,街区,梅木谷公園,大字香椎39-3,33.65098145,130.47741451
九州,福岡県,福岡市,東区,街区,香椎８号公園,香椎三丁目896-22,33.65931042,130.45452272
九州,福岡県,福岡市,東区,街区,原田西公園,原田二丁目1499-4,33.61916752,130.43114969
九州,福岡県,福岡市,東区,街区,香椎長谷公園,大字香椎462-45，476-3，480-20,33.66547882,130.4621776
九州,福岡県,福岡市,東区,街区,原田南公園,原田一丁目1161-6,33.61501207,130.43531174
九州,福岡県,福岡市,東区,街区,香椎駅東公園,香椎駅東一丁目244-4,33.65836669,130.44464524
九州,福岡県,福岡市,東区,街区,舞松原東公園,舞松原五丁目1974-9,33.64634049,130.45414413
九州,福岡県,福岡市,東区,都市緑地,青葉西公園,青葉二丁目192-151,33.64566281,130.45913258
九州,福岡県,福岡市,東区,街区,名子西公園,名子三丁目789-1,33.64332134,130.47330823
九州,福岡県,福岡市,東区,街区,松田東公園,松田三丁目684-2，685-4,33.61758366,130.44638265
九州,福岡県,福岡市,東区,街区,土井サヤ公園,土井四丁目725-30,33.63718284,130.46933103
九州,福岡県,福岡市,東区,街区,美和台新町東公園,美和台新町714-10，714-11,33.70799816,130.42813446
九州,福岡県,福岡市,東区,街区,美和台新町公園,美和台新町701-4,33.70891429,130.4262484
九州,福岡県,福岡市,東区,街区,勝馬公園,大字勝馬1617-1,33.68286367,130.29675315
九州,福岡県,福岡市,東区,街区,地蔵松原南公園,筥松三丁目3，4,33.62796887,130.42802238
九州,福岡県,福岡市,東区,街区,塩浜西公園,奈多一丁目381-2,33.69107806,130.41851476
九州,福岡県,福岡市,東区,街区,下原西公園,下原五丁目73-112,33.67497243,130.44962198
九州,福岡県,福岡市,東区,街区,尾崎池公園,香椎駅東一丁目593,33.66081639,130.4488255
九州,福岡県,福岡市,東区,街区,青葉台東公園,青葉三丁目547-128,33.64175492,130.46391465
九州,福岡県,福岡市,東区,街区,筥松新町公園,筥松新町1076-1,33.61322516,130.43801335
九州,福岡県,福岡市,東区,街区,水谷公園,水谷二丁目2876,33.65107303,130.44288409
九州,福岡県,福岡市,東区,街区,西戸崎東公園,西戸崎一丁目91-13,33.64910253,130.3578245
九州,福岡県,福岡市,東区,街区,竜化池公園,和白丘四丁目226-1，226-4，226-5,33.70060389,130.43619815
九州,福岡県,福岡市,東区,街区,名島渡場公園,名島四丁目1970-20,33.63744387,130.43179064
九州,福岡県,福岡市,東区,街区,筥松北公園,筥松二丁目11,33.61991197,130.42797986
九州,福岡県,福岡市,東区,街区,青葉山手公園,青葉四丁目529-10,33.64890488,130.46557323
九州,福岡県,福岡市,東区,街区,馬出御所ノ内公園,馬出五丁目723,33.6121136,130.4248323
九州,福岡県,福岡市,東区,街区,照葉の森公園,香椎照葉一丁目24-24,33.66332131,130.4255991
九州,福岡県,福岡市,東区,街区,蒲田中公園,"蒲田二丁目1089-1,1089-1地先，1090-1，1090-1地先，1091-1",33.63528573,130.484376
九州,福岡県,福岡市,東区,街区,千早北公園,千早五丁目2341,33.65490361,130.44108569
九州,福岡県,福岡市,東区,街区,千早南公園,千早四丁目2862,33.64454699,130.43475114
九州,福岡県,福岡市,東区,街区,和白東公園,和白東一丁目1241-1，1237-2，1241-3，1241-4，1241-5，1242-2，1248-1，1249-1，1253-28，1253-30,33.688,130.43680911
九州,福岡県,福岡市,東区,街区,香椎照葉北公園,香椎照葉七丁目27-8,33.66733559,130.4254809
九州,福岡県,福岡市,東区,街区,松崎中公園,松崎四丁目520-8,33.64111067,130.43945818
九州,福岡県,福岡市,東区,街区,松崎北公園,松崎四丁目2829,33.64702179,130.43962893
九州,福岡県,福岡市,東区,街区,千早中公園,千早五丁目2329,33.65189106,130.44072471
九州,福岡県,福岡市,東区,街区,筥松南公園,"筥松二丁目52,53",33.61785031,130.42732067
九州,福岡県,福岡市,東区,街区,箱崎米一丸公園,箱崎六丁目7，8,33.62362517,130.42739982
九州,福岡県,福岡市,東区,幼児,龍化公園,和白丘四丁目217-30,33.70115608,130.43561193
九州,福岡県,福岡市,東区,幼児,大牟田東町公園,舞松原一丁目60-514,33.64067667,130.45054609
九州,福岡県,福岡市,南区,幼児,新開公園,若久六丁目857,33.54564298,130.41517937
九州,福岡県,福岡市,東区,幼児,松香台公園,松香台一丁目342-5,33.66434797,130.44573359
九州,福岡県,福岡市,東区,幼児,香椎ヶ丘１号公園,舞松原三丁目155-166,33.64523873,130.44745517
九州,福岡県,福岡市,東区,幼児,香椎ヶ丘３号公園,舞松原三丁目107-172,33.64516644,130.44838521
九州,福岡県,福岡市,東区,幼児,青葉台西公園,青葉三丁目379-125,33.64326291,130.46175215
九州,福岡県,福岡市,東区,幼児,大牟田公園,舞松原六丁目60-604,33.64289216,130.45097035
九州,福岡県,福岡市,東区,幼児,古田開公園,和白丘二丁目636-43,33.69272269,130.4320921
九州,福岡県,福岡市,東区,幼児,土井団地中公園,青葉七丁目821-44,33.64107826,130.46732253
九州,福岡県,福岡市,東区,幼児,船頭町公園,名島二丁目2166-3,33.64292557,130.42869991
九州,福岡県,福岡市,東区,幼児,飛山公園,和白丘三丁目715-53,33.70055451,130.43405613
九州,福岡県,福岡市,東区,幼児,裏の前公園,和白東二丁目507-68,33.69216047,130.43670028
九州,福岡県,福岡市,東区,幼児,正水公園,名島四丁目908-7,33.63926307,130.43669434
九州,福岡県,福岡市,東区,幼児,八尻公園,下原二丁目1330-44,33.66993185,130.45737617
九州,福岡県,福岡市,東区,幼児,登り新開公園,原田四丁目59-6,33.62503475,130.44376714
九州,福岡県,福岡市,東区,幼児,蔵谷公園,香椎六丁目1975-25,33.6467321,130.45485279
九州,福岡県,福岡市,東区,幼児,龍化２号公園,和白丘四丁目216-5,33.70243313,130.43539426
九州,福岡県,福岡市,東区,幼児,土井台１号公園,青葉七丁目888-176,33.6409658,130.4693805
九州,福岡県,福岡市,東区,幼児,不動ヶ浦公園,香椎六丁目1934-57,33.6469254,130.45649838
九州,福岡県,福岡市,東区,幼児,高又公園,名島四丁目2643-20,33.6415441,130.43270504
九州,福岡県,福岡市,東区,幼児,青葉１号公園,青葉七丁目809-146,33.63837958,130.46656068
九州,福岡県,福岡市,東区,幼児,龍化３号公園,和白丘四丁目215-17,33.70188897,130.43660629
九州,福岡県,福岡市,東区,幼児,坂本町公園,筥松四丁目4038,33.63076744,130.42855187
九州,福岡県,福岡市,東区,幼児,黒山公園,三苫三丁目1752-829,33.69934731,130.41656578
九州,福岡県,福岡市,東区,幼児,サヤ１号公園,土井四丁目725-98,33.63796996,130.46965753
九州,福岡県,福岡市,東区,幼児,よろい坂公園,香椎駅前三丁目440-14,33.66476201,130.44353216
九州,福岡県,福岡市,東区,幼児,塚原公園,和白丘二丁目667-42,33.69589014,130.430897
九州,福岡県,福岡市,東区,幼児,大ノ坂公園,土井四丁目964-44,33.63829926,130.47161657
九州,福岡県,福岡市,東区,幼児,横町公園,名島四丁目2026-9,33.64102224,130.43083358
九州,福岡県,福岡市,東区,幼児,牟田公園,多の津五丁目1274-3,33.62284418,130.45204829
九州,福岡県,福岡市,東区,都市緑地,箱崎１号公園,箱崎四丁目3-36,33.62075139,130.4204601
九州,福岡県,福岡市,東区,幼児,馬出１号公園,馬出三丁目487,33.61391322,130.41494748
九州,福岡県,福岡市,東区,幼児,和白丸ノ内公園,和白東五丁目7-18，7-19，7-20,33.69826141,130.44555154
九州,福岡県,福岡市,東区,幼児,定光公園,和白六丁目1053-7,33.69602576,130.42715742
九州,福岡県,福岡市,東区,幼児,香椎台南公園,水谷二丁目209-164,33.6509413,130.44463535
九州,福岡県,福岡市,東区,幼児,香椎台中公園,水谷二丁目209-165,33.65213,130.4447244
九州,福岡県,福岡市,東区,幼児,中裏付公園,雁の巣一丁目1293-165,33.68516276,130.40163063
九州,福岡県,福岡市,東区,幼児,高松公園,和白東四丁目1-24,33.69768232,130.44941451
九州,福岡県,福岡市,東区,幼児,大新開公園,和白六丁目1162-19,33.69379188,130.42502722
九州,福岡県,福岡市,東区,幼児,白浜公園,和白二丁目1553-133,33.68548353,130.43431724
九州,福岡県,福岡市,東区,幼児,高節公園,唐原七丁目58-17,33.67506559,130.44702379
九州,福岡県,福岡市,東区,幼児,二又瀬新町公園,二又瀬新町1009-3外,33.60936552,130.44100026
九州,福岡県,福岡市,東区,幼児,梅ヶ崎公園,和白三丁目1203-11,33.68810441,130.43385078
九州,福岡県,福岡市,東区,幼児,高美台１号公園,高美台一丁目351,33.68828271,130.44922423
九州,福岡県,福岡市,東区,幼児,湯ノ浦公園,青葉六丁目890-38,33.64573991,130.47062557
九州,福岡県,福岡市,東区,幼児,八尻東公園,下原二丁目1411-12,33.66895501,130.45856427
九州,福岡県,福岡市,東区,幼児,奈多松原台北公園,雁の巣一丁目1263-24,33.68734139,130.4071466
九州,福岡県,福岡市,東区,幼児,奈多松原台東公園,雁の巣一丁目1243-335,33.68630729,130.4080989
九州,福岡県,福岡市,東区,幼児,外輪先公園,唐原三丁目826-9,33.67667516,130.43635399
九州,福岡県,福岡市,東区,幼児,松崎台公園,松崎四丁目459-71,33.64432631,130.43854019
九州,福岡県,福岡市,東区,幼児,東浜公園,東浜一丁目63-2,33.61601905,130.41448802
九州,福岡県,福岡市,東区,幼児,箱崎中公園,箱崎一丁目2497-5,33.61910005,130.42329377
九州,福岡県,福岡市,東区,幼児,箱崎南公園,箱崎一丁目2681-2，2681-1,33.61678047,130.42460771
九州,福岡県,福岡市,東区,幼児,土井台南公園,青葉七丁目725-150,33.63817878,130.46906389
九州,福岡県,福岡市,東区,幼児,土井台北公園,青葉七丁目912-250,33.6399297,130.46956849
九州,福岡県,福岡市,東区,幼児,大岳公園,大岳三丁目322-63,33.65295029,130.33979894
九州,福岡県,福岡市,東区,幼児,若宮津山公園,若宮二丁目502-2,33.63479193,130.44944885
九州,福岡県,福岡市,東区,緑道,馬出（緑地）,"馬出三丁目265-2,馬出四丁目193-1",33.61399826,130.41478801
九州,福岡県,福岡市,博多区,総合,東平尾公園,東平尾公園一丁目、東平尾公園二丁目,33.58664904,130.4626614
九州,福岡県,福岡市,博多区,地区,山王公園,山王一丁目140、349,33.58260177,130.4322467
九州,福岡県,福岡市,博多区,地区,大井中央公園,"大井一丁目6-15外,大井二丁目1-1外",33.60366012,130.44143896
九州,福岡県,福岡市,博多区,地区,上月隈中央公園,月隈五丁目267-1外,33.56766766,130.46327398
九州,福岡県,福岡市,博多区,近隣,冷泉公園,上川端109,33.59450188,130.40878902
九州,福岡県,福岡市,博多区,近隣,中比恵公園,博多駅東二丁目121,33.58812865,130.42621748
九州,福岡県,福岡市,博多区,近隣,月隈公園,東月隈五丁目168-261,33.57456496,130.46912078
九州,福岡県,福岡市,博多区,近隣,榎田中央公園,大字堅粕23-31外,33.6003169,130.43799146
九州,福岡県,福岡市,博多区,近隣,下月隈公園,月隈三丁目506外,33.57492639,130.46398821
九州,福岡県,福岡市,博多区,近隣,諸岡中央公園,諸岡六丁目619-2外,33.54994751,130.45242139
九州,福岡県,福岡市,博多区,街区,浜口公園,下呉服町403,33.60007594,130.40817311
九州,福岡県,福岡市,博多区,街区,中島公園,中洲中島町21，46,33.59569862,130.40169495
九州,福岡県,福岡市,博多区,街区,清流公園,中洲一丁目95，中洲四丁目80，中洲五丁目43,33.59224934,130.40568335
九州,福岡県,福岡市,博多区,街区,中尾公園,南本町一丁目43,33.54601946,130.45970283
九州,福岡県,福岡市,博多区,街区,那の津公園,神屋町105,33.60010857,130.40339921
九州,福岡県,福岡市,博多区,街区,東光公園,東比恵二丁目123,33.59153714,130.42971133
九州,福岡県,福岡市,博多区,街区,上牟田公園,上牟田一丁目269，上牟田二丁目38,33.58658002,130.43748748
九州,福岡県,福岡市,博多区,街区,池田公園,諸岡四丁目271-2,33.55696127,130.45040361
九州,福岡県,福岡市,博多区,街区,竹丘公園,竹丘町二丁目68，69，70,33.54371685,130.46528434
九州,福岡県,福岡市,博多区,街区,新和公園,新和町二丁目22,33.53682557,130.46296912
九州,福岡県,福岡市,博多区,街区,出来町公園,博多駅前一丁目100,33.59359529,130.41715819
九州,福岡県,福岡市,博多区,街区,吉野公園,堅粕二丁目229,33.59926774,130.42091486
九州,福岡県,福岡市,博多区,街区,住吉公園,住吉四丁目35,33.58404247,130.4161626
九州,福岡県,福岡市,博多区,街区,東住吉公園,博多駅南二丁目133,33.5827353,130.42340261
九州,福岡県,福岡市,博多区,街区,東領公園,博多駅前四丁目557,33.58034986,130.42055311
九州,福岡県,福岡市,博多区,街区,花野公園,博多駅南三丁目96,33.58093297,130.4261037
九州,福岡県,福岡市,博多区,街区,小柳公園,美野島一丁目153,33.58112718,130.41720071
九州,福岡県,福岡市,博多区,街区,音羽公園,博多駅南一丁目1,33.5867512,130.42142379
九州,福岡県,福岡市,博多区,街区,春町公園,春町三丁目53-1,33.54625489,130.46934488
九州,福岡県,福岡市,博多区,街区,比恵公園,比恵町140,33.58676826,130.43028334
九州,福岡県,福岡市,博多区,街区,瑞穂公園,博多駅東三丁目157,33.58571409,130.42641845
九州,福岡県,福岡市,博多区,街区,明治公園,博多駅前三丁目45,33.58859048,130.41748593
九州,福岡県,福岡市,博多区,街区,津屋公園,東比恵三丁目151-1,33.59194375,130.43450379
九州,福岡県,福岡市,博多区,街区,人参公園,博多駅前四丁目117,33.58591991,130.4187969
九州,福岡県,福岡市,博多区,街区,藤田公園,博多駅前二丁目174-2，175-1，175-3，2003-1,33.59096789,130.41445834
九州,福岡県,福岡市,博多区,緑道,美野島公園,美野島三丁目341外,33.57783289,130.42131681
九州,福岡県,福岡市,博多区,緑道,那珂公園,博多駅南六丁目,33.55587698,130.45986237
九州,福岡県,福岡市,博多区,街区,扇町公園,東光寺町二丁目14-1,33.57803871,130.43632183
九州,福岡県,福岡市,博多区,街区,堅粕北公園,堅粕三丁目193,33.59947356,130.42222521
九州,福岡県,福岡市,博多区,街区,大井公園,大井二丁目9-3,33.60314409,130.44475408
九州,福岡県,福岡市,博多区,街区,東月隈東町公園,東月隈五丁目168-259,33.57622152,130.46989994
九州,福岡県,福岡市,博多区,都市緑地,吉塚公園,吉塚本町130-16外,33.60450096,130.42657305
九州,福岡県,福岡市,博多区,都市緑地,立花寺公園,立花寺二丁目775-17外,33.56768726,130.47072934
九州,福岡県,福岡市,博多区,街区,南住吉公園,住吉五丁目847-39,33.58020689,130.41410413
九州,福岡県,福岡市,博多区,街区,下月隈西公園,東月隈一丁目52-104,33.58230158,130.46817342
九州,福岡県,福岡市,博多区,街区,下月隈東公園,東月隈三丁目104-83,33.58071503,130.47348917
九州,福岡県,福岡市,博多区,街区,下月隈中央公園,東月隈二丁目52-419,33.58236584,130.47122872
九州,福岡県,福岡市,博多区,街区,麦野北公園,麦野五丁目2-37,33.55148359,130.46167299
九州,福岡県,福岡市,博多区,街区,東吉塚公園,吉塚六丁目148,33.60799529,130.42781538
九州,福岡県,福岡市,博多区,街区,隅田公園,西月隈五丁目629-1,33.56372404,130.45890265
九州,福岡県,福岡市,博多区,街区,吉塚しょうえん公園,吉塚四丁目379-2,33.6022124,130.4324656
九州,福岡県,福岡市,博多区,街区,板付中央公園,板付三丁目1-17,33.56582034,130.44807108
九州,福岡県,福岡市,博多区,街区,春住公園,博多駅南五丁目42-1,33.57768731,130.42389237
九州,福岡県,福岡市,博多区,街区,下臼井老松公園,大字下臼井43-1の一部,33.59593957,130.45304534
九州,福岡県,福岡市,博多区,街区,東那珂公園,東那珂三丁目162,33.5750569,130.44455867
九州,福岡県,福岡市,博多区,街区,半道橋公園,半道橋一丁目438,33.57923343,130.43888193
九州,福岡県,福岡市,博多区,街区,井相田公園,井相田三丁目6-3，6-10，6-14,33.55191313,130.46929581
九州,福岡県,福岡市,博多区,街区,下月隈北公園,東月隈二丁目52-336,33.58488846,130.46963141
九州,福岡県,福岡市,博多区,街区,下月隈南公園,東月隈三丁目52-424,33.58091208,130.47040949
九州,福岡県,福岡市,博多区,都市緑地,東光寺公園,東那珂一丁目221，224,33.5751565,130.43534875
九州,福岡県,福岡市,博多区,街区,平原北公園,諸岡三丁目788,33.55932262,130.44431874
九州,福岡県,福岡市,博多区,都市緑地,千代東公園,千代一丁目486-1の一部,33.60416211,130.41530305
九州,福岡県,福岡市,博多区,街区,吉塚梅香公園,吉塚四丁目86,33.60054178,130.43120905
九州,福岡県,福岡市,博多区,街区,板付北公園,板付五丁目15-1,33.56541072,130.45470755
九州,福岡県,福岡市,博多区,街区,諸岡公園,諸岡二丁目10-4,33.55770823,130.45188031
九州,福岡県,福岡市,博多区,街区,大ヶ浦公園,浦田一丁目363-2,33.57468744,130.47514876
九州,福岡県,福岡市,博多区,都市緑地,月隈北公園,月隈三丁目127-2外,33.57259716,130.46466843
九州,福岡県,福岡市,博多区,街区,板付公園,板付一丁目4-4,33.56979608,130.44983965
九州,福岡県,福岡市,博多区,街区,西月隈公園,西月隈一丁目194-1,33.5744244,130.45028488
九州,福岡県,福岡市,博多区,街区,鳥越公園,月隈一丁目354-2，358-1，359，360,33.57726564,130.46134649
九州,福岡県,福岡市,博多区,街区,下月隈京町公園,月隈二丁目522-177,33.57815717,130.46745115
九州,福岡県,福岡市,博多区,街区,板付南公園,板付七丁目3-18,33.5579299,130.45471744
九州,福岡県,福岡市,博多区,街区,吉塚西公園,吉塚一丁目438-2,33.60000365,130.4255892
九州,福岡県,福岡市,博多区,都市緑地,上臼井公園,空港前四丁目314-1の一部外,33.5940039,130.4527683
九州,福岡県,福岡市,博多区,街区,東光北公園,東光二丁目138,33.59451633,130.42846245
九州,福岡県,福岡市,博多区,街区,春住中公園,博多駅南五丁目13-2,33.57817645,130.42822499
九州,福岡県,福岡市,博多区,街区,諸岡南公園,諸岡六丁目487-1,33.55172454,130.45110115
九州,福岡県,福岡市,博多区,街区,堅田橋公園,吉塚八丁目339の一部外,33.60638317,130.43614612
九州,福岡県,福岡市,博多区,街区,宝満尾公園,月隈一丁目298-4の一部外,33.57908083,130.4594765
九州,福岡県,福岡市,博多区,街区,那珂一ツ木公園,東那珂二丁目403,33.57738612,130.44829369
九州,福岡県,福岡市,博多区,街区,諸岡北公園,諸岡一丁目17-30,33.56198114,130.44950325
九州,福岡県,福岡市,博多区,街区,吉塚東公園,吉塚七丁目120，125，127-1，127-3，128，129-1，97，98，,33.60687284,130.43371535
九州,福岡県,福岡市,博多区,街区,上月隈西公園,西月隈四丁目914，915，916,33.56540871,130.460785
九州,福岡県,福岡市,博多区,街区,下月隈旭公園,月隈三丁目171-68，171-69，522-224,33.57645443,130.46749271
九州,福岡県,福岡市,博多区,街区,那珂本町公園,那珂三丁目259,33.57099281,130.44057877
九州,福岡県,福岡市,博多区,街区,諸岡中公園,諸岡五丁目345-2,33.55493726,130.44940431
九州,福岡県,福岡市,博多区,街区,堅粕公園,堅粕四丁目13-4,33.59641896,130.42304827
九州,福岡県,福岡市,博多区,街区,金隈北公園,金の隈一丁目648の一部，649-1，649-2，651-1の一部,33.56239678,130.46917025
九州,福岡県,福岡市,博多区,街区,那珂北公園,那珂一丁目183-1,33.57236625,130.43732361
九州,福岡県,福岡市,博多区,都市緑地,下臼井公園,空港前三丁目516-1外,33.59812252,130.45063096
九州,福岡県,福岡市,博多区,街区,金隈新町公園,金の隈二丁目323-134,33.55794918,130.47596008
九州,福岡県,福岡市,博多区,街区,東月隈中公園,東月隈五丁目168-116,33.57713713,130.4717254
九州,福岡県,福岡市,博多区,街区,東吉塚東公園,吉塚八丁目219-1,33.60376052,130.43635893
九州,福岡県,福岡市,博多区,街区,青木公園,青木一丁目400-1，400-2，401-1，401-2，402-1，402-2,33.59020486,130.45274851
九州,福岡県,福岡市,博多区,街区,麦野南公園,麦野四丁目26-75,33.54854396,130.46114861
九州,福岡県,福岡市,博多区,街区,下月隈正手浦公園,月隈一丁目215-9,33.57945832,130.46665962
九州,福岡県,福岡市,博多区,街区,吉塚中公園,吉塚二丁目604,33.60290715,130.4254445
九州,福岡県,福岡市,博多区,街区,寿町公園,寿町二丁目119-1,33.54321565,130.46118423
九州,福岡県,福岡市,博多区,街区,上月隈東公園,月隈六丁目101-1外6,33.56916156,130.46469861
九州,福岡県,福岡市,博多区,街区,板付西公園,板付四丁目12-23,33.56071212,130.45291276
九州,福岡県,福岡市,博多区,街区,諸岡西公園,諸岡三丁目158-1，158-4，158-5，158-6，181-3，181-4，187，188，189-1,33.56246706,130.44517705
九州,福岡県,福岡市,博多区,街区,諸岡東公園,諸岡五丁目84-1,33.55506576,130.45205593
九州,福岡県,福岡市,博多区,街区,西春町公園,西春町四丁目8-4，8-2，8-3，8-5,33.53963667,130.46861991
九州,福岡県,福岡市,博多区,街区,昭南町公園,昭南町二丁目23,33.53927303,130.46269763
九州,福岡県,福岡市,博多区,街区,南八幡公園,南八幡町一丁目23-4,33.54582922,130.4563005
九州,福岡県,福岡市,博多区,都市緑地,空港前東公園,空港前五丁目62-1，50-2,33.59561972,130.45662876
九州,福岡県,福岡市,博多区,街区,那珂東公園,那珂五丁目159-1,33.56675204,130.44543677
九州,福岡県,福岡市,博多区,街区,浦田東公園,"浦田一丁目336-1,336-4の一部,351-1",33.5754071,130.47820208
九州,福岡県,福岡市,博多区,街区,金隈南公園,金の隈三丁目203-13,33.5562516,130.47874982
九州,福岡県,福岡市,博多区,街区,三筑北公園,三筑二丁目14-4,33.54985315,130.45504394
九州,福岡県,福岡市,博多区,街区,板付東公園,板付二丁目1-104，1-105，1-106，1-107，2000-18の一部,33.56731628,130.44979018
九州,福岡県,福岡市,博多区,街区,立花寺北公園,立花寺二丁目618-1，618-2，619-1，619-2，621-1，647-1，647-3，648-1，648-2，649，650-1，688-1，688-2，688-3，690-1，690-2,33.56727863,130.46829833
九州,福岡県,福岡市,博多区,街区,美野島南公園,美野島四丁目457-16，457-18，460-9,33.57341349,130.42570707
九州,福岡県,福岡市,博多区,街区,吉塚明公園,吉塚一丁目36-2，36-3，37-2,33.60112169,130.42281094
九州,福岡県,福岡市,博多区,街区,板付中公園,板付六丁目8-6,33.56069928,130.45789147
九州,福岡県,福岡市,博多区,都市緑地,千代北公園,千代五丁目269-5,33.60728103,130.41136792
九州,福岡県,福岡市,博多区,街区,大井北公園,大井一丁目4-33，4-59，4-60，4-61，4-62，4-63大井二丁目4-12，4-16，4-17の各一部，4-14，4-15，4-27,33.60505313,130.44276848
九州,福岡県,福岡市,博多区,街区,三筑公園,"三筑一丁目6-11,6-17",33.55282491,130.45481638
九州,福岡県,福岡市,博多区,幼児,麦野一丁目公園,麦野一丁目18,33.55400526,130.45754319
九州,福岡県,福岡市,博多区,幼児,見上後公園,西月隈三丁目1579，1580-1，1580-16，1580-18，1580-20，1581-2，1581-3，1586-9，1586-2の一部,33.56870176,130.4539828
九州,福岡県,福岡市,博多区,幼児,新川公園,堅粕三丁目3-13,33.59918242,130.42443654
九州,福岡県,福岡市,博多区,幼児,千代公園,千代五丁目63,33.60550494,130.41114443
九州,福岡県,福岡市,博多区,幼児,新麦野公園,麦野四丁目24-7,33.54974873,130.46072316
九州,福岡県,福岡市,博多区,幼児,三筑南公園,三筑二丁目5-5，麦野四丁目1045-3,33.5494114,130.45955566
九州,福岡県,福岡市,博多区,幼児,麦野東公園,麦野六丁目12-2，12-22,33.5471625,130.46439387
九州,福岡県,福岡市,博多区,幼児,吉塚南公園,吉塚三丁目376-2,33.59901174,130.42845602
九州,福岡県,福岡市,博多区,幼児,博多駅南公園,博多駅南三丁目290,33.57961094,130.42222521
九州,福岡県,福岡市,博多区,街区,大浜公園,大博町204-3外,33.60429264,130.40614482
九州,福岡県,福岡市,博多区,幼児,大和町公園,板付五丁目16-3,33.56534648,130.45517257
九州,福岡県,福岡市,博多区,幼児,堅粕中公園,堅粕三丁目124-2,33.59765034,130.42176019
九州,福岡県,福岡市,博多区,幼児,見上公園,西月隈三丁目1610-2,33.56987641,130.45298102
九州,福岡県,福岡市,博多区,幼児,影ヶ浦公園,金の隈二丁目370-5,33.55863393,130.47469725
九州,福岡県,福岡市,博多区,幼児,元町公園,元町二丁目9-6,33.54131535,130.46425535
九州,福岡県,福岡市,博多区,幼児,池ノ上公園,諸岡五丁目379,33.55550954,130.44918416
九州,福岡県,福岡市,博多区,幼児,今田前公園,東平尾二丁目563-1,33.58678333,130.45661711
九州,福岡県,福岡市,博多区,幼児,駅南六公園,博多駅南六丁目66-3,33.57765721,130.43416368
九州,福岡県,福岡市,博多区,幼児,月ヶ丘公園,諸岡三丁目821,33.55961579,130.44543677
九州,福岡県,福岡市,博多区,幼児,千代三和公園,千代三丁目411-2,33.60224454,130.41112897
九州,福岡県,福岡市,博多区,幼児,上ノ園公園,金の隈一丁目993-7,33.56465056,130.46958326
九州,福岡県,福岡市,博多区,幼児,芳井谷公園,東月隈三丁目39-5,33.58403736,130.47246386
九州,福岡県,福岡市,博多区,幼児,清道公園,那珂六丁目51,33.56573501,130.43909527
九州,福岡県,福岡市,博多区,幼児,宮園公園,竹下五丁目26,33.57031565,130.43394725
九州,福岡県,福岡市,博多区,幼児,坂瀬公園,浦田一丁目378-16,33.5780608,130.47661309
九州,福岡県,福岡市,博多区,幼児,今町公園,堅粕四丁目392-1,33.59624327,130.42597013
九州,福岡県,福岡市,博多区,幼児,光丘公園,光丘町二丁目19-1,33.53832165,130.46690671
九州,福岡県,福岡市,博多区,幼児,堅粕西公園,堅粕五丁目2-1,33.59515246,130.42154251
九州,福岡県,福岡市,博多区,幼児,奥小路公園,東平尾二丁目638-1,33.5879881,130.45648106
九州,福岡県,福岡市,博多区,幼児,千代新町公園,千代四丁目376,33.60628302,130.41320055
九州,福岡県,福岡市,博多区,幼児,奈良屋公園,須崎町96,33.59694355,130.40384444
九州,福岡県,福岡市,博多区,幼児,立花寺白石公園,大字立花寺字白石1-11,33.5670974,130.47951206
九州,福岡県,福岡市,中央区,総合,南公園,南公園，輝国一丁目,33.57414643,130.38844597
九州,福岡県,福岡市,中央区,風致,平尾大池公園,平尾五丁目326,33.56807728,130.39510547
九州,福岡県,福岡市,中央区,近隣,須崎公園,天神五丁目2,33.59673585,130.39878453
九州,福岡県,福岡市,中央区,近隣,警固公園,天神二丁目22-1,33.58827423,130.39930243
九州,福岡県,福岡市,中央区,近隣,小笹南公園,小笹二丁目1051、1011-4,33.56201527,130.38845911
九州,福岡県,福岡市,中央区,近隣,平和中央公園,平和五丁目1051,33.56454811,130.3928516
九州,福岡県,福岡市,中央区,近隣,地行中央公園,地行浜一丁目30−5,33.59349489,130.36005067
九州,福岡県,福岡市,中央区,近隣,小笹中央公園,小笹四丁目245外,33.56743674,130.38693789
九州,福岡県,福岡市,中央区,街区,水上公園,西中洲13-1,33.59255658,130.40322853
九州,福岡県,福岡市,中央区,街区,浜の町公園,舞鶴三丁目88,33.59122491,130.38715062
九州,福岡県,福岡市,中央区,街区,春吉公園,春吉一丁目17号1-2，同号1-3，同号5-1，同号41，同号42-1，同号42-3，同号43-1，1000号21-1，同号31-2，同号32-2,33.58471755,130.40667168
九州,福岡県,福岡市,中央区,街区,今泉公園,今泉一丁目316-1，318，327，444,33.58526371,130.40007825
九州,福岡県,福岡市,中央区,街区,西町公園,今川二丁目8区417-1，8区417-2,33.58694396,130.36703838
九州,福岡県,福岡市,中央区,街区,簀子公園,大手門三丁目314,33.59104821,130.38234208
九州,福岡県,福岡市,中央区,街区,一本木公園,大宮二丁目2-1，2-25,33.57637211,130.40516778
九州,福岡県,福岡市,中央区,街区,山荘公園,平尾四丁目216,33.57222168,130.39788572
九州,福岡県,福岡市,中央区,都市緑地,小笹公園,小笹一丁目19,33.5658605,130.38984429
九州,福岡県,福岡市,中央区,街区,福崎公園,港二丁目9,33.5929678,130.3823897
九州,福岡県,福岡市,中央区,街区,長浜公園,舞鶴一丁目138,33.59340955,130.39403691
九州,福岡県,福岡市,中央区,街区,清川公園,清川三丁目4区28，4区29-2,33.57806079,130.41269521
九州,福岡県,福岡市,中央区,街区,高砂公園,高砂一丁目16-6,33.5794021,130.40722575
九州,福岡県,福岡市,中央区,街区,六軒屋公園,春吉二丁目3街区25,33.58722507,130.40902648
九州,福岡県,福岡市,中央区,都市緑地,谷公園,谷二丁目54-1,33.5740449,130.3799675
九州,福岡県,福岡市,中央区,緑道,梅光園公園,梅光園二丁目77-1外,33.5691435,130.37893604
九州,福岡県,福岡市,中央区,都市緑地,福浜公園,西公園263,33.59686134,130.36572046
九州,福岡県,福岡市,中央区,街区,唐人町公園,唐人町三丁目278,33.59218872,130.37072641
九州,福岡県,福岡市,中央区,街区,地行公園,地行二丁目16-7,33.58859208,130.36525101
九州,福岡県,福岡市,中央区,街区,薬院公園,薬院三丁目188,33.57886197,130.39942611
九州,福岡県,福岡市,中央区,街区,白金公園,白金二丁目4号13-1,33.57707991,130.4073839
九州,福岡県,福岡市,中央区,都市緑地,赤坂公園,赤坂三丁目190-2外,33.58199315,130.38635315
九州,福岡県,福岡市,中央区,街区,平尾山荘公園,平尾五丁目168-2,33.57173375,130.39543445
九州,福岡県,福岡市,中央区,街区,荒津公園,荒津二丁目13-3,33.5997868,130.37650456
九州,福岡県,福岡市,中央区,街区,小笹北公園,小笹四丁目502-1,33.56895274,130.38755627
九州,福岡県,福岡市,中央区,都市緑地,桜坂公園,桜坂三丁目332外,33.57964531,130.38920582
九州,福岡県,福岡市,中央区,街区,輝国公園,輝国二丁目285-1，292-1，293-3,33.5703081,130.37980177
九州,福岡県,福岡市,中央区,都市緑地,笹丘公園,笹丘二丁目389-1外,33.56527418,130.38080454
九州,福岡県,福岡市,中央区,街区,地行浜西公園,地行浜一丁目29-93,33.59108535,130.36048354
九州,福岡県,福岡市,中央区,街区,福浜北公園,福浜一丁目5-1，12-3，37の一部,33.5996133,130.36637559
九州,福岡県,福岡市,中央区,街区,桜坂南公園,桜坂三丁目66-1,33.57575795,130.38675766
九州,福岡県,福岡市,中央区,街区,唐人町北公園,唐人町三丁目75-1,33.59470267,130.36988541
九州,福岡県,福岡市,中央区,街区,草香江公園,草香江二丁目17街区270番,33.58108075,130.37182465
九州,福岡県,福岡市,中央区,街区,浄水通公園,浄水通54-1,33.57697583,130.39482738
九州,福岡県,福岡市,中央区,街区,平尾東公園,平尾四丁目地内,33.57899248,130.40203877
九州,福岡県,福岡市,中央区,幼児,伊崎公園,伊崎309-2，369-3,33.59763427,130.37132995
九州,福岡県,福岡市,中央区,幼児,菰川公園,地行四丁目1-2,33.59161244,130.36786701
九州,福岡県,福岡市,南区,都市緑地,平和西公園,平和一丁目440，445-1,33.56156028,130.39280411
九州,福岡県,福岡市,中央区,幼児,浄水通２号公園,浄水通8-6,33.5757396,130.39468003
九州,福岡県,福岡市,中央区,幼児,古小烏公園,薬院伊福町15-2,33.5785186,130.39310687
九州,福岡県,福岡市,中央区,幼児,警固本町公園,警固二丁目148,33.58352884,130.3907303
九州,福岡県,福岡市,中央区,幼児,薬院記念公園,薬院一丁目4-1,33.58323327,130.40118045
九州,福岡県,福岡市,中央区,幼児,清川中公園,清川二丁目12-49,33.57952579,130.410099
九州,福岡県,福岡市,中央区,都市緑地,松風園,平尾三丁目353-2外,33.57408505,130.39630266
九州,福岡県,福岡市,南区,運動,那珂川（緑地）,警弥郷二丁目，的場一丁目，二丁目，大字下日佐字不都原，字目掛，字鞘ヶ共，字四反田，大字老司字河原,33.53889751,130.43138483
九州,福岡県,福岡市,南区,運動,桧原運動公園,桧原五丁目754-1外,33.53270926,130.39052451
九州,福岡県,福岡市,南区,植物,花畑園芸公園,大字桧原字夫婦石，字真木ノ内，字滝の下，柏原七丁目,33.52653482,130.38676475
九州,福岡県,福岡市,南区,風致,柏原公園,柏原六丁目476，477,33.52056871,130.38987211
九州,福岡県,福岡市,南区,近隣,長住中央公園,長住五丁目45,33.54604204,130.3977472
九州,福岡県,福岡市,南区,近隣,鹿助公園,西長住二丁目915,33.54982702,130.39383903
九州,福岡県,福岡市,南区,近隣,長丘中公園,長丘三丁目12-1,33.55496737,130.39442031
九州,福岡県,福岡市,南区,近隣,上水公園,大池二丁目1-1,33.56175625,130.40897701
九州,福岡県,福岡市,南区,近隣,野間大池公園,柳河内一丁目436-1，436-142，436-317柳河内二丁目420-8の一部,33.55380025,130.40567176
九州,福岡県,福岡市,南区,近隣,和田宝満公園,和田三丁目315-1，313-1，314-1,33.54700184,130.42151283
九州,福岡県,福岡市,南区,近隣,塩原中央公園,塩原二丁目30,33.56586049,130.42511676
九州,福岡県,福岡市,南区,近隣,三宅中央公園,三宅三丁目143-2，198-3,33.55036917,130.43055852
九州,福岡県,福岡市,南区,近隣,野多目中央公園,野多目四丁目239-2，240-1，249-1，252-1，275-4,33.53859255,130.42403583
九州,福岡県,福岡市,南区,近隣,柏原中央公園,柏原四丁目59,33.52511169,130.39398435
九州,福岡県,福岡市,南区,近隣,皿山中央公園,皿山二丁目954-42外,33.5437329,130.405007
九州,福岡県,福岡市,南区,近隣,筑紫丘中央公園,筑紫丘二丁目5-68,33.55718615,130.41927677
九州,福岡県,福岡市,南区,近隣,松ヶ枝公園,中尾一丁目649，野多目三丁目204-13,33.54482723,130.41623062
九州,福岡県,福岡市,南区,街区,三月田公園,高宮一丁目110,33.57058921,130.40823495
九州,福岡県,福岡市,南区,街区,天代公園,大楠一丁目28,33.57431897,130.4203274
九州,福岡県,福岡市,南区,街区,堀川公園,大楠二丁目321,33.57354089,130.40879458
九州,福岡県,福岡市,南区,都市緑地,野間公園,野間一丁目177-1外,33.56050931,130.41660783
九州,福岡県,福岡市,南区,街区,市崎公園,市崎一丁目198,33.57199477,130.40386918
九州,福岡県,福岡市,南区,街区,永楽公園,那の川一丁目4-1,33.57547856,130.41690466
九州,福岡県,福岡市,南区,街区,長住東公園,長住一丁目6区31,33.5489636,130.40064123
九州,福岡県,福岡市,南区,街区,長住北公園,長住二丁目4区44,33.55106191,130.39925605
九州,福岡県,福岡市,南区,街区,長住南公園,長住六丁目7区29,33.54511838,130.40038151
九州,福岡県,福岡市,南区,街区,長住西公園,長住七丁目18区68,33.54590148,130.39486554
九州,福岡県,福岡市,南区,都市緑地,警弥郷公園,警弥郷一丁目3-3,33.53107479,130.42768675
九州,福岡県,福岡市,南区,街区,寺塚公園,寺塚二丁目21-1,33.55825438,130.40206103
九州,福岡県,福岡市,南区,街区,長丘東公園,長丘一丁目7-1,33.55398147,130.399261
九州,福岡県,福岡市,南区,街区,長丘西公園,長丘五丁目10-1,33.55600548,130.39006938
九州,福岡県,福岡市,南区,街区,清水南公園,清水四丁目11,33.56827806,130.42317504
九州,福岡県,福岡市,南区,街区,福海公園,高宮三丁目217,33.56626208,130.41266256
九州,福岡県,福岡市,南区,街区,上高宮北公園,市崎二丁目50-2,33.56646287,130.40683122
九州,福岡県,福岡市,南区,街区,上高宮南公園,市崎二丁目50-3,33.56528321,130.4069549
九州,福岡県,福岡市,南区,街区,清水東公園,清水二丁目10-13,33.57142652,130.42448106
九州,福岡県,福岡市,南区,街区,清水西公園,清水一丁目10-1,33.57087233,130.42019692
九州,福岡県,福岡市,南区,街区,清水中央公園,清水三丁目6-1,33.57050287,130.4227397
九州,福岡県,福岡市,南区,街区,清水北公園,清水二丁目4-1,33.57299875,130.42301426
九州,福岡県,福岡市,南区,街区,寺島公園,横手南町22-2,33.54516607,130.44210988
九州,福岡県,福岡市,南区,街区,盤瀬公園,大楠三丁目386,33.56816963,130.41568954
九州,福岡県,福岡市,南区,街区,柏原北公園,柏原三丁目1327-177,33.52580192,130.40184089
九州,福岡県,福岡市,南区,街区,中尾エビス公園,中尾三丁目426，452,33.54372487,130.40788866
九州,福岡県,福岡市,南区,街区,井手公園,桧原七丁目950,33.5374681,130.38729903
九州,福岡県,福岡市,南区,街区,柏原東公園,柏原二丁目1366-10,33.52319159,130.40666426
九州,福岡県,福岡市,南区,街区,警弥郷東公園,警弥郷三丁目7-4,33.53060092,130.43077371
九州,福岡県,福岡市,南区,街区,警弥郷西公園,警弥郷三丁目8-4,33.53024752,130.43019986
九州,福岡県,福岡市,南区,街区,仲ノ原公園,花畑二丁目417,33.53831395,130.40350742
九州,福岡県,福岡市,南区,街区,野多目公園,野多目六丁目840,33.53610269,130.41628627
九州,福岡県,福岡市,南区,街区,宮竹公園,井尻一丁目752-3,33.55579665,130.44156818
九州,福岡県,福岡市,南区,街区,柏原西公園,柏原三丁目1290-2,33.52443651,130.40020836
九州,福岡県,福岡市,南区,街区,柏原南公園,柏原三丁目1327-343,33.5227398,130.40192746
九州,福岡県,福岡市,南区,街区,筑紫丘公園,筑紫丘二丁目21-1,33.55651952,130.41791138
九州,福岡県,福岡市,南区,街区,鶴田西公園,鶴田四丁目158-1,33.52896444,130.41013956
九州,福岡県,福岡市,南区,街区,御畠山公園,若久五丁目338,33.54795762,130.40786887
九州,福岡県,福岡市,南区,街区,塩原北公園,塩原一丁目1-1,33.56865154,130.42849312
九州,福岡県,福岡市,南区,街区,野間台北公園,多賀一丁目168-3，多賀二丁目1-18,33.56082458,130.41053038
九州,福岡県,福岡市,南区,街区,老司西口公園,老司二丁目366-3，372-1,33.53464944,130.42315649
九州,福岡県,福岡市,南区,街区,高木公園,高木三丁目1-12,33.55697532,130.43498613
九州,福岡県,福岡市,南区,街区,柳瀬公園,柳瀬一丁目13-2,33.5339823,130.43500839
九州,福岡県,福岡市,南区,街区,柳河内公園,柳河内二丁目971-8,33.55127274,130.4076413
九州,福岡県,福岡市,南区,街区,向野西公園,向野一丁目217,33.56257749,130.42029339
九州,福岡県,福岡市,南区,街区,向野東公園,向野二丁目49,33.56053943,130.42474573
九州,福岡県,福岡市,南区,街区,大橋東公園,大橋二丁目48,33.556895,130.43089244
九州,福岡県,福岡市,南区,街区,石橋公園,桧原三丁目287-1,33.53571302,130.39681345
九州,福岡県,福岡市,南区,街区,若久新町公園,若久二丁目347,33.55248253,130.41465375
九州,福岡県,福岡市,南区,街区,皿山公園,皿山一丁目955-741,33.54728697,130.40403305
九州,福岡県,福岡市,南区,街区,若久公園,若久六丁目588,33.54816544,130.41573592
九州,福岡県,福岡市,南区,街区,五十川公園,五十川二丁目103-1,33.56094101,130.44073708
九州,福岡県,福岡市,南区,街区,桧原山崎公園,西長住三丁目421-4,33.54351604,130.39250333
九州,福岡県,福岡市,南区,街区,桜ヶ丘（下妹池）公園,屋形原二丁目113-1，362-1,33.54012863,130.41156184
九州,福岡県,福岡市,南区,街区,大橋西公園,大橋二丁目52,33.55650345,130.43083061
九州,福岡県,福岡市,南区,街区,横手公園,横手三丁目19-1,33.54745764,130.43579002
九州,福岡県,福岡市,南区,街区,若久菖蒲公園,若久二丁目231,33.5517923,130.41715819
九州,福岡県,福岡市,南区,街区,若久天神公園,若久一丁目21,33.5583106,130.41443113
九州,福岡県,福岡市,南区,街区,井尻公園,井尻五丁目199-3，199-4,33.55034909,130.44151082
九州,福岡県,福岡市,南区,街区,やよい坂公園,屋形原三丁目482-2,33.53170007,130.40908747
九州,福岡県,福岡市,南区,街区,菰池公園,花畑二丁目29の一部,33.538201,130.40593457
九州,福岡県,福岡市,南区,街区,弥永公園,弥永四丁目5-3,33.52801066,130.43300731
九州,福岡県,福岡市,南区,街区,古屋敷南公園,桧原二丁目330-1,33.53906693,130.39514382
九州,福岡県,福岡市,南区,街区,大平寺西公園,大平寺一丁目52-59,33.53330763,130.39704472
九州,福岡県,福岡市,南区,街区,塩原東公園,塩原四丁目109,33.56174419,130.4316345
九州,福岡県,福岡市,南区,街区,上曰佐公園,曰佐三丁目151-1,33.53761869,130.43941374
九州,福岡県,福岡市,南区,街区,京地公園,桧原五丁目762-3,33.53329157,130.38967114
九州,福岡県,福岡市,南区,都市緑地,長丘北公園,長丘二丁目20-20,33.55700041,130.39279397
九州,福岡県,福岡市,南区,街区,西長住公園,西長住一丁目166-2,33.55119242,130.39103158
九州,福岡県,福岡市,南区,街区,和田大坪公園,和田一丁目44-3,33.54591754,130.42554963
九州,福岡県,福岡市,南区,街区,横手東公園,横手二丁目665-10,33.54788533,130.44077665
九州,福岡県,福岡市,南区,都市緑地,塩原公園,塩原三丁目47,33.5654087,130.43186949
九州,福岡県,福岡市,南区,街区,柏陵公園,柏原四丁目75,33.52268156,130.39531325
九州,福岡県,福岡市,南区,街区,柏原ゴソ公園,柏原六丁目138,33.52577682,130.39008855
九州,福岡県,福岡市,南区,街区,柏原林崎公園,柏原五丁目53,33.52826165,130.3935824
九州,福岡県,福岡市,南区,街区,向野南公園,向野二丁目224,33.55877243,130.42296479
九州,福岡県,福岡市,南区,街区,塩原西公園,塩原三丁目166,33.56366429,130.42736149
九州,福岡県,福岡市,南区,街区,老司大池公園,老司五丁目634-7,33.52697656,130.41422088
九州,福岡県,福岡市,南区,街区,柏原上原田公園,柏原五丁目97,33.52939112,130.39624144
九州,福岡県,福岡市,南区,街区,大橋南公園,大橋四丁目647-5,33.55456578,130.42796132
九州,福岡県,福岡市,南区,街区,柏原中公園,柏原一丁目1302-1,33.52798481,130.40031275
九州,福岡県,福岡市,南区,街区,柳瀬東公園,柳瀬一丁目127-3,33.53424826,130.43830377
九州,福岡県,福岡市,南区,街区,和田北公園,和田四丁目396-4，南大橋二丁目397-31,33.54924471,130.42092414
九州,福岡県,福岡市,南区,街区,野多目西公園,野多目五丁目904-3,33.54159443,130.41690466
九州,福岡県,福岡市,南区,街区,野多目東公園,向新町二丁目861-2,33.53816084,130.4290373
九州,福岡県,福岡市,南区,街区,老司中公園,老司三丁目566-2,33.53169323,130.42083014
九州,福岡県,福岡市,南区,都市緑地,横手南公園,横手三丁目138-1，143-2，154-1，154-5～7，155-4，155-5,33.54542961,130.43886338
九州,福岡県,福岡市,南区,街区,弥永中公園,弥永二丁目17-3,33.52657497,130.43109033
九州,福岡県,福岡市,南区,街区,高木東公園,高木三丁目17-1,33.55635888,130.43848122
九州,福岡県,福岡市,南区,街区,弥永南公園,弥永五丁目17-2,33.52402488,130.43559214
九州,福岡県,福岡市,南区,街区,鶴田南公園,鶴田二丁目257-14，257-15，259-1，261-16,33.52510716,130.41109435
九州,福岡県,福岡市,南区,都市緑地,平和東公園,平和一丁目1051外,33.56622995,130.40137834
九州,福岡県,福岡市,南区,街区,横手西公園,横手四丁目421-1，421-3，421-5，421-6,33.54817296,130.4340515
九州,福岡県,福岡市,南区,街区,的場公園,的場一丁目21-4,33.544137,130.43262159
九州,福岡県,福岡市,南区,街区,野多目北公園,野多目三丁目204-12,33.54412447,130.41999656
九州,福岡県,福岡市,南区,街区,弥永西公園,弥永三丁目12-3,33.52456114,130.432089
九州,福岡県,福岡市,南区,街区,井尻南公園,井尻四丁目989-1,33.548392,130.44553096
九州,福岡県,福岡市,南区,街区,曰佐東公園,曰佐二丁目567-2,33.54137609,130.438817
九州,福岡県,福岡市,南区,街区,寺塚南公園,寺塚一丁目7-6,33.55574072,130.40312027
九州,福岡県,福岡市,南区,街区,花畑南公園,花畑三丁目553-1，555-3，556，557-1,33.53332372,130.40290203
九州,福岡県,福岡市,南区,街区,的場南公園,的場二丁目18-7,33.54110171,130.43250716
九州,福岡県,福岡市,南区,街区,三宅西公園,三宅一丁目1020-2,33.55097157,130.42446127
九州,福岡県,福岡市,南区,街区,塩原中公園,塩原一丁目107-1108-2,33.56674356,130.43122561
九州,福岡県,福岡市,南区,街区,鶴田北公園,鶴田四丁目80-2，81-1，82-3,33.53121939,130.4115
九州,福岡県,福岡市,南区,街区,大池東公園,大池一丁目5-11,33.55734681,130.40905121
九州,福岡県,福岡市,南区,街区,牟田原中公園,井尻二丁目1221-7，1268-2，1269-2，1269-4，1269-6，1270-4，1271-1，1271-4，1271-5，1271-6,33.55401989,130.44562692
九州,福岡県,福岡市,南区,街区,桧原桜公園,桧原一丁目438-37,33.54163461,130.39630019
九州,福岡県,福岡市,南区,街区,中尾北公園,中尾一丁目20，21，22，23-1，24-3，26-3,33.54660747,130.41142823
九州,福岡県,福岡市,南区,幼児,鶴田公園,鶴田三丁目218-1,33.52788519,130.41034054
九州,福岡県,福岡市,南区,幼児,向原公園,井尻四丁目1031-27,33.54791447,130.44824731
九州,福岡県,福岡市,南区,幼児,静ヶ丘公園,屋形原二丁目64,33.54042984,130.41004062
九州,福岡県,福岡市,南区,幼児,長浦公園,和田二丁目160-4,33.54460636,130.42180224
九州,福岡県,福岡市,南区,幼児,中の坪公園,老司二丁目330-13,33.53270926,130.42436234
九州,福岡県,福岡市,南区,幼児,ナガタ公園,中尾三丁目250,33.54466087,130.40603569
九州,福岡県,福岡市,南区,幼児,不都原公園,老司一丁目749-52,33.53730999,130.42828906
九州,福岡県,福岡市,南区,幼児,原の前公園,老司三丁目515-9,33.53234381,130.42227468
九州,福岡県,福岡市,南区,幼児,卯内尺公園,老司五丁目647-50,33.5295869,130.4161255
九州,福岡県,福岡市,南区,幼児,野間台南公園,多賀二丁目1-8,33.55985273,130.41112403
九州,福岡県,福岡市,南区,幼児,上原田公園,大平寺二丁目307-4,33.53028572,130.39518439
九州,福岡県,福岡市,南区,幼児,カイツキ公園,野多目一丁目535-25,33.54423742,130.42409952
九州,福岡県,福岡市,南区,幼児,卯内尺東公園,老司五丁目652-81,33.52978769,130.41718911
九州,福岡県,福岡市,南区,幼児,桜町公園,桧原一丁目553-9,33.54113234,130.39247007
九州,福岡県,福岡市,南区,幼児,緑ヶ丘公園,中尾二丁目691,33.54320286,130.41387304
九州,福岡県,福岡市,南区,幼児,鞘ノ元公園,向新町二丁目810-3,33.54041742,130.42922317
九州,福岡県,福岡市,南区,幼児,石見堂公園,桧原三丁目30-12,33.53474984,130.39806567
九州,福岡県,福岡市,南区,幼児,高木北公園,高木二丁目430-23,33.55980269,130.43492688
九州,福岡県,福岡市,南区,幼児,雉子町公園,曰佐二丁目550-21,33.53961662,130.43869641
九州,福岡県,福岡市,南区,都市緑地,和田公園,大字和田415-4外,33.54811023,130.42279907
九州,福岡県,福岡市,南区,幼児,下川原公園,五十川一丁目683地先,33.56447503,130.4338483
九州,福岡県,福岡市,南区,幼児,花畑公園,花畑二丁目725,33.53571719,130.40356889
九州,福岡県,福岡市,南区,幼児,下ノ原公園,花畑一丁目145,33.54007427,130.40584853
九州,福岡県,福岡市,南区,幼児,前川公園,若久一丁目430,33.55562703,130.41524296
九州,福岡県,福岡市,南区,幼児,堀田公園,若久六丁目86,33.54838132,130.41145053
九州,福岡県,福岡市,南区,幼児,古屋敷公園,桧原二丁目348-12,33.54031846,130.39556654
九州,福岡県,福岡市,南区,幼児,三宅本町公園,三宅二丁目766-1,33.55126145,130.4280185
九州,福岡県,福岡市,南区,幼児,サカエ公園,屋形原二丁目173,33.53951623,130.40871728
九州,福岡県,福岡市,南区,街区,笹原公園,井尻三丁目209-1，209-2，209-5,33.55052982,130.44898628
九州,福岡県,福岡市,南区,幼児,平原新町公園,井尻三丁目1049-4,33.54924273,130.44886013
九州,福岡県,福岡市,南区,幼児,大楠公園,大楠二丁目70,33.57311421,130.41204109
九州,福岡県,福岡市,南区,幼児,寺塚南台公園,大池一丁目7-2,33.55675447,130.4092862
九州,福岡県,福岡市,南区,幼児,老司中園公園,老司二丁目229-4,33.53541497,130.42485704
九州,福岡県,福岡市,南区,幼児,老司北公園,老司一丁目171-19,33.53671702,130.42636048
九州,福岡県,福岡市,南区,街区,老司卯内公園,老司三丁目669-1,33.53391804,130.41804
九州,福岡県,福岡市,南区,幼児,野間中村公園,野間三丁目160-2,33.56066072,130.41506188
九州,福岡県,福岡市,城南区,総合,西南杜の湖畔公園,七隈六丁目299-1外，干隈二丁目169-408外,33.55209602,130.35573437
九州,福岡県,福岡市,城南区,風致,鬼面池公園,田島六丁目90-1,33.56128238,130.36945007
九州,福岡県,福岡市,城南区,風致,片江風致公園,大字片江7-30外,33.53730747,130.37605438
九州,福岡県,福岡市,城南区,歴史,友泉亭公園,友泉亭94外中央区笹丘一丁目254-2外,33.56266385,130.37650456
九州,福岡県,福岡市,城南区,近隣,東油山公園,"東油山六丁目56-1,東油山五丁目184-5",33.53203912,130.38319359
九州,福岡県,福岡市,城南区,近隣,松山中央公園,松山一丁目1900-7外,33.55353672,130.36861525
九州,福岡県,福岡市,城南区,近隣,友丘中央公園,友丘五丁目地内,33.55925435,130.37084761
九州,福岡県,福岡市,城南区,近隣,茶山中央公園,茶山二丁目141-1外,33.5635112,130.36701365
九州,福岡県,福岡市,城南区,近隣,樋井川中央公園,樋井川三丁目460-5外,33.54749982,130.38805098
九州,福岡県,福岡市,城南区,近隣,三尾池公園,片江二丁目88外，堤一丁目83-2外,33.54452806,130.37866148
九州,福岡県,福岡市,城南区,街区,友丘西公園,友丘五丁目977-1,33.55902344,130.36914088
九州,福岡県,福岡市,城南区,街区,下長尾中央公園,長尾五丁目226,33.55519428,130.38175833
九州,福岡県,福岡市,城南区,街区,油山北公園,東油山二丁目14,33.54058043,130.37835476
九州,福岡県,福岡市,城南区,街区,油山東公園,東油山二丁目6,33.53834157,130.37882473
九州,福岡県,福岡市,城南区,街区,油山南公園,東油山三丁目7,33.53320323,130.37492151
九州,福岡県,福岡市,城南区,街区,下長尾東公園,長尾三丁目306,33.5552505,130.38564671
九州,福岡県,福岡市,城南区,街区,神松寺東公園,神松寺二丁目1111-16,33.55554222,130.37818142
九州,福岡県,福岡市,城南区,街区,横内公園,樋井川六丁目491,33.54176512,130.38766511
九州,福岡県,福岡市,城南区,街区,堤公園,樋井川七丁目54,33.5387291,130.38486508
九州,福岡県,福岡市,城南区,街区,茶山公園,茶山二丁目22,33.56177433,130.36676629
九州,福岡県,福岡市,城南区,街区,下長尾北公園,長尾一丁目175,33.5602784,130.38014807
九州,福岡県,福岡市,城南区,街区,弓の馬場公園,別府六丁目148-2,33.56944268,130.36541327
九州,福岡県,福岡市,城南区,街区,城南公園,七隈二丁目909-2，茶山五丁目79-5,33.56207552,130.36078036
九州,福岡県,福岡市,城南区,都市緑地,長尾公園,長尾二丁目162-8,33.55328271,130.3855082
九州,福岡県,福岡市,城南区,都市緑地,七隈公園,七隈一丁目1275-5,33.55387706,130.35980332
九州,福岡県,福岡市,城南区,街区,金山公園,松山二丁目467-177,33.55536295,130.36460196
九州,福岡県,福岡市,城南区,街区,田島公園,田島四丁目441-1,33.56523804,130.37369216
九州,福岡県,福岡市,城南区,街区,別府西公園,別府二丁目525-1,33.57283812,130.36829988
九州,福岡県,福岡市,城南区,街区,島廻り公園,樋井川一丁目414-7,33.55157897,130.3808592
九州,福岡県,福岡市,城南区,都市緑地,樋井川公園,樋井川四丁目275-1外,33.54949572,130.38557436
九州,福岡県,福岡市,城南区,街区,鳥飼北公園,鳥飼四丁目1-16,33.57997638,130.36951191
九州,福岡県,福岡市,城南区,街区,飯倉東公園,飯倉一丁目370-1，383-6，365-45，383-7，378-5,33.56537106,130.3564486
九州,福岡県,福岡市,城南区,街区,友丘公園,友丘六丁目1607-3，及び1607-1，1607-27，1607-28，1607-29の各一部,33.55527861,130.37179992
九州,福岡県,福岡市,城南区,街区,茶山北公園,茶山六丁目115-1,33.56762749,130.36177224
九州,福岡県,福岡市,城南区,街区,浦谷公園,片江三丁目67,33.54977683,130.37440949
九州,福岡県,福岡市,城南区,街区,油山長谷公園,東油山五丁目678,33.53500395,130.3820789
九州,福岡県,福岡市,城南区,街区,片江西公園,片江五丁目1431-1,33.54918198,130.37008391
九州,福岡県,福岡市,城南区,街区,別府北公園,別府三丁目5-2,33.57483666,130.36608762
九州,福岡県,福岡市,城南区,街区,早苗田公園,南片江六丁目150,33.54226309,130.37027128
九州,福岡県,福岡市,城南区,街区,神松寺北公園,神松寺三丁目37,33.55365699,130.37409238
九州,福岡県,福岡市,城南区,街区,仲の町公園,南片江二丁目92,33.54225706,130.37353139
九州,福岡県,福岡市,城南区,街区,宮の前公園,堤一丁目321,33.54660427,130.37830529
九州,福岡県,福岡市,城南区,街区,友丘北公園,友丘一丁目955-12,33.56076533,130.37357776
九州,福岡県,福岡市,城南区,街区,荒江東公園,荒江一丁目49-4,33.57365134,130.3603846
九州,福岡県,福岡市,城南区,街区,樋井川北公園,樋井川三丁目346-1,33.5522441,130.38729037
九州,福岡県,福岡市,城南区,街区,梅林北公園,梅林五丁目151-27,33.54750032,130.35088317
九州,福岡県,福岡市,城南区,街区,七隈西公園,七隈三丁目748-1,33.55728656,130.35676088
九州,福岡県,福岡市,城南区,街区,東油山北公園,東油山一丁目24-4，樋井川七丁目184-2,33.53694604,130.38416755
九州,福岡県,福岡市,城南区,街区,堤南公園,堤二丁目505-11,33.54215867,130.38168907
九州,福岡県,福岡市,城南区,街区,七隈若宮公園,七隈五丁目396-1,33.55423046,130.35705276
九州,福岡県,福岡市,城南区,街区,片江北公園,片江一丁目983-3,33.54937926,130.37815688
九州,福岡県,福岡市,城南区,街区,梅林中公園,梅林五丁目136-13の一部,33.54576846,130.3523209
九州,福岡県,福岡市,城南区,街区,七隈菊池公園,七隈七丁目131-6,33.55105612,130.36044923
九州,福岡県,福岡市,城南区,街区,梅林東公園,梅林三丁目56-2,33.54814035,130.35698968
九州,福岡県,福岡市,城南区,街区,田島中公園,田島三丁目90­1,33.56712952,130.37037022
九州,福岡県,福岡市,城南区,街区,鳥飼中公園,鳥飼五丁目5-10,33.57739365,130.37053224
九州,福岡県,福岡市,城南区,街区,別府公園,別府四丁目57,33.57318549,130.36379064
九州,福岡県,福岡市,城南区,街区,樋井川南公園,樋井川四丁目2008-1，2008-5,33.54365179,130.38636387
九州,福岡県,福岡市,早良区,都市緑地,干隈１号公園,干隈三丁目地内,33.54989903,130.35173826
九州,福岡県,福岡市,城南区,幼児,神松寺１号公園,神松寺三丁目1643-49,33.55468506,130.3746702
九州,福岡県,福岡市,城南区,幼児,神松寺２号公園,神松寺一丁目1726-11,33.55558462,130.37563586
九州,福岡県,福岡市,城南区,幼児,脇田公園,樋井川三丁目493-7,33.54671109,130.38879897
九州,福岡県,福岡市,城南区,幼児,ハスワ公園,梅林五丁目174-20,33.54558022,130.35164068
九州,福岡県,福岡市,城南区,幼児,別府１号公園,別府四丁目46-2,33.57475381,130.36387127
九州,福岡県,福岡市,城南区,幼児,臼井公園,七隈七丁目283-22,33.55150367,130.3586655
九州,福岡県,福岡市,城南区,幼児,鳥飼１号公園,鳥飼五丁目2-34,33.57598859,130.37133984
九州,福岡県,福岡市,城南区,幼児,倉瀬戸１号公園,西片江一丁目155-33,33.54518798,130.3691864
九州,福岡県,福岡市,城南区,幼児,鳥飼南公園,鳥飼六丁目12-14,33.57615244,130.3693907
九州,福岡県,福岡市,城南区,幼児,田島１号公園,田島三丁目240-63,33.56475211,130.36988541
九州,福岡県,福岡市,城南区,幼児,倉瀬戸２号公園,西片江一丁目120-28,33.54435938,130.36744157
九州,福岡県,福岡市,城南区,幼児,茶山西公園,茶山四丁目308-2,33.5590158,130.36510854
九州,福岡県,福岡市,城南区,幼児,浦の川公園,東油山三丁目1-122,33.53495817,130.37731588
九州,福岡県,福岡市,城南区,幼児,五反田公園,友泉亭36-2,33.56183657,130.37985866
九州,福岡県,福岡市,城南区,幼児,樋井川１号公園,樋井川六丁目229-2,33.54056035,130.38619089
九州,福岡県,福岡市,城南区,幼児,片江公園,片江二丁目719-1,33.5467127,130.37538653
九州,福岡県,福岡市,城南区,幼児,鬼の木北公園,樋井川五丁目204,33.54191772,130.38917891
九州,福岡県,福岡市,城南区,幼児,鬼の木南公園,樋井川五丁目166,33.54073704,130.389357
九州,福岡県,福岡市,城南区,幼児,松山公園,松山二丁目467-197,33.55549466,130.36279727
九州,福岡県,福岡市,城南区,幼児,瀬戸口公園,東油山四丁目441-9,33.53554047,130.37997492
九州,福岡県,福岡市,城南区,幼児,樋井川２号公園,樋井川四丁目256,33.54615248,130.38456331
九州,福岡県,福岡市,城南区,幼児,樋井川３号公園,樋井川四丁目353,33.54698096,130.38390733
九州,福岡県,福岡市,城南区,幼児,七隈辻公園,七隈七丁目173-12,33.55219918,130.36005291
九州,福岡県,福岡市,城南区,幼児,神松寺３号公園,神松寺三丁目1618-29,33.55303372,130.37178112
九州,福岡県,福岡市,城南区,幼児,入道ヶ浦公園,松山一丁目580-1,33.5548827,130.36676799
九州,福岡県,福岡市,城南区,幼児,菊池ヶ丘公園,七隈七丁目268-37,33.55220645,130.35920967
九州,福岡県,福岡市,城南区,幼児,干隈３号公園,干隈一丁目376-7,33.55608269,130.35460527
九州,福岡県,福岡市,城南区,幼児,神松寺４号公園,神松寺一丁目1752-7,33.5559344,130.37470542
九州,福岡県,福岡市,城南区,幼児,樋井川４号公園,樋井川一丁目359-26,33.54840741,130.38211056
九州,福岡県,福岡市,城南区,幼児,七隈１号公園,七隈二丁目1201-1,33.56284858,130.35818316
九州,福岡県,福岡市,城南区,幼児,南片江１号公園,南片江一丁目64-2,33.54201745,130.37593038
九州,福岡県,福岡市,城南区,幼児,樋井川５号公園,樋井川一丁目407-11,33.55116778,130.38251899
九州,福岡県,福岡市,城南区,幼児,七隈２号公園,七隈三丁目771-8,33.55903347,130.3561796
九州,福岡県,福岡市,城南区,幼児,東油山１号公園,東油山四丁目462-2,33.53407217,130.37877217
九州,福岡県,福岡市,城南区,幼児,別府二丁目公園,別府二丁目76,33.57284816,130.37067446
九州,福岡県,福岡市,城南区,幼児,友丘１号公園,友丘三丁目1759-8先,33.55572036,130.37301194
九州,福岡県,福岡市,城南区,幼児,長尾１号公園,長尾二丁目131-5,33.55927709,130.38516683
九州,福岡県,福岡市,城南区,幼児,七隈３号公園,七隈三丁目844-3,33.55853389,130.35863384
九州,福岡県,福岡市,城南区,幼児,七隈４号公園,七隈二丁目815-2,33.56107154,130.35729269
九州,福岡県,福岡市,城南区,幼児,神松寺５号公園,神松寺三丁目1613-5,33.5530787,130.37349082
九州,福岡県,福岡市,城南区,幼児,樋井川６号公園,樋井川四丁目323-4,33.54763635,130.38522127
九州,福岡県,福岡市,城南区,幼児,東油山２号公園,東油山六丁目180-6,33.52992085,130.38274318
九州,福岡県,福岡市,城南区,幼児,別府２号公園,別府六丁目126-24,33.56765928,130.36551167
九州,福岡県,福岡市,早良区,風致,曲渕ダムパーク,大字曲渕12外,33.49728905,130.3067462
九州,福岡県,福岡市,西区,運動,室見川（緑地）,橋本一丁目797地先から姪浜町121地先まで,33.57514632,130.32825856
九州,福岡県,福岡市,早良区,地区,百道中央公園,百道浜三丁目901-23,33.58834324,130.35082133
九州,福岡県,福岡市,早良区,地区,西油山中央公園,大字西油山310-1外,33.5328619,130.34990342
九州,福岡県,福岡市,早良区,近隣,祖原公園,昭代一丁目124，125，131,33.57674357,130.35700824
九州,福岡県,福岡市,早良区,近隣,小田部中央公園,小田部六丁目17-1，24-5,33.57156307,130.32932948
九州,福岡県,福岡市,早良区,近隣,内野中央公園,内野三丁目317-1外,33.50135515,130.34196302
九州,福岡県,福岡市,早良区,近隣,脇山中央公園,大字脇山2488-7外,33.48661881,130.34915727
九州,福岡県,福岡市,早良区,近隣,重留中央公園,重留五丁目232外,33.52661514,130.34251338
九州,福岡県,福岡市,早良区,近隣,四箇中央公園,四箇六丁目497-1,33.53099447,130.33069487
九州,福岡県,福岡市,早良区,街区,大原公園,南庄三丁目244,33.57333006,130.33512743
九州,福岡県,福岡市,早良区,街区,紅葉山公園,高取一丁目525，526，542，543,33.57848486,130.35121722
九州,福岡県,福岡市,早良区,街区,飯倉公園,飯倉二丁目469-1,33.56622995,130.3519474
九州,福岡県,福岡市,早良区,街区,室見公園,室見一丁目8,33.58204456,130.34135082
九州,福岡県,福岡市,早良区,街区,百道西公園,百道二丁目807-180,33.58393203,130.3449127
九州,福岡県,福岡市,早良区,街区,百道南公園,百道一丁目810-221，810-47,33.58242607,130.34909295
九州,福岡県,福岡市,早良区,街区,有田東公園,有田一丁目9,33.56410153,130.33655218
九州,福岡県,福岡市,早良区,街区,南庄東公園,南庄一丁目24,33.57370153,130.34102926
九州,福岡県,福岡市,早良区,街区,南庄西公園,南庄三丁目41,33.57371559,130.33694794
九州,福岡県,福岡市,早良区,街区,小田部東公園,小田部一丁目59,33.56838247,130.33696773
九州,福岡県,福岡市,早良区,街区,有田西公園,有田一丁目36,33.56333801,130.33274913
九州,福岡県,福岡市,早良区,都市緑地,西新公園,西新二丁目221-14,33.58426133,130.36137648
九州,福岡県,福岡市,早良区,街区,田隈公園,田隈三丁目67-35，83-19，83-50,33.54209441,130.33930274
九州,福岡県,福岡市,早良区,街区,小田部西公園,小田部五丁目90,33.56935432,130.33104116
九州,福岡県,福岡市,早良区,街区,小田部南公園,小田部二丁目126,33.56706526,130.3348405
九州,福岡県,福岡市,早良区,街区,田隈土井公園,野芥七丁目488-5,33.53753235,130.33994586
九州,福岡県,福岡市,早良区,街区,竹の花公園,干隈六丁目938-1,33.55147856,130.34715742
九州,福岡県,福岡市,早良区,街区,飯倉南公園,飯倉七丁目39-7,33.55760381,130.35053255
九州,福岡県,福岡市,早良区,街区,金屑川公園,南庄三丁目94-3，原団地30-5，30-6，30-9,33.57200481,130.33848153
九州,福岡県,福岡市,早良区,街区,南庄中公園,南庄二丁目18,33.57493391,130.3390257
九州,福岡県,福岡市,早良区,街区,原北公園,南庄六丁目120,33.57638967,130.33598018
九州,福岡県,福岡市,早良区,街区,百道公園,百道一丁目804-118,33.58598013,130.34887034
九州,福岡県,福岡市,早良区,街区,免公園,賀茂一丁目517-1，986-5,33.55566814,130.34147944
九州,福岡県,福岡市,早良区,街区,原東公園,飯倉三丁目458-15,33.56500912,130.34656501
九州,福岡県,福岡市,早良区,街区,重留公園,重留四丁目523-3,33.52985797,130.34032431
九州,福岡県,福岡市,早良区,街区,田隈北公園,田隈一丁目238-1,33.54573081,130.33981414
九州,福岡県,福岡市,早良区,街区,大薮公園,賀茂二丁目78-5,33.55090127,130.34414281
九州,福岡県,福岡市,早良区,街区,原南公園,原八丁目1104-1,33.55903346,130.34043067
九州,福岡県,福岡市,早良区,街区,橋本東公園,有田八丁目202-45,33.55880054,130.32872594
九州,福岡県,福岡市,早良区,街区,早良陽光台南公園,早良七丁目900-341,33.49590858,130.33274913
九州,福岡県,福岡市,早良区,街区,早良陽光台西公園,早良七丁目900-342,33.49769064,130.33197616
九州,福岡県,福岡市,早良区,街区,野芥公園,野芥四丁目704-2,33.54234741,130.34623603
九州,福岡県,福岡市,早良区,街区,室見西公園,南庄五丁目3-5,33.57681385,130.33196379
九州,福岡県,福岡市,早良区,街区,室見南公園,南庄四丁目94-6,33.57482598,130.33224824
九州,福岡県,福岡市,早良区,街区,西油山南公園,野芥六丁目508,33.53469713,130.35088626
九州,福岡県,福岡市,早良区,街区,西油山北公園,野芥五丁目105-28,33.53697615,130.35044103
九州,福岡県,福岡市,早良区,街区,西入部公園,西入部二丁目111-1,33.51942066,130.32680649
九州,福岡県,福岡市,早良区,街区,次郎丸公園,次郎丸一丁目31-3,33.55326061,130.33407865
九州,福岡県,福岡市,早良区,街区,西脇南公園,田隈三丁目546-2,33.54131533,130.34151902
九州,福岡県,福岡市,早良区,街区,丸尾池公園,飯倉六丁目14-6,33.55859975,130.3543022
九州,福岡県,福岡市,早良区,街区,城西公園,城西二丁目108,33.58090755,130.36297252
九州,福岡県,福岡市,早良区,街区,水町公園,賀茂四丁目384-3,33.55221648,130.33817234
九州,福岡県,福岡市,早良区,街区,冷尻公園,次郎丸二丁目592-3,33.55554967,130.32826587
九州,福岡県,福岡市,早良区,街区,次郎丸河原公園,次郎丸三丁目433-6，433-10,33.54890587,130.32448215
九州,福岡県,福岡市,早良区,街区,荒江公園,荒江三丁目214-1,33.56968814,130.35128512
九州,福岡県,福岡市,早良区,街区,西干隈公園,干隈三丁目108-4,33.55398849,130.34797678
九州,福岡県,福岡市,早良区,街区,早良新町公園,重留一丁目1234-21,33.53403451,130.34081901
九州,福岡県,福岡市,早良区,街区,内野公園,内野二丁目527-3，527-6，527-7，538-4,33.50062726,130.33573282
九州,福岡県,福岡市,早良区,街区,室見東公園,南庄五丁目2-8,33.57713512,130.3325698
九州,福岡県,福岡市,早良区,街区,次郎丸高石公園,次郎丸六丁目6-1,33.54856201,130.33592143
九州,福岡県,福岡市,早良区,街区,有田南公園,有田四丁目617-28の一部,33.55805961,130.33718293
九州,福岡県,福岡市,早良区,街区,南庄公園,南庄三丁目97-1,33.57091249,130.33678964
九州,福岡県,福岡市,早良区,街区,下田公園,城西三丁目82,33.58130914,130.35974148
九州,福岡県,福岡市,早良区,街区,飯原公園,飯倉八丁目554-2,33.55931458,130.34833853
九州,福岡県,福岡市,早良区,街区,宮原公園,脇山二丁目2799-13，2807-1，2813-1，2813-5,33.49929298,130.34690141
九州,福岡県,福岡市,早良区,街区,馬立山南公園,内野七丁目190-15,33.49489156,130.34496217
九州,福岡県,福岡市,早良区,街区,原西公園,原八丁目1158-8,33.56108157,130.33946105
九州,福岡県,福岡市,早良区,街区,西ノ坪公園,野芥八丁目1203-4,33.53540232,130.33823616
九州,福岡県,福岡市,早良区,街区,四箇警固公園,四箇四丁目120-2,33.52816728,130.32946602
九州,福岡県,福岡市,早良区,街区,次郎丸東ノ前公園,次郎丸五丁目257-1，257-5,33.55027078,130.33207807
九州,福岡県,福岡市,早良区,街区,早良南公園,内野六丁目160-2,33.49717861,130.34616183
九州,福岡県,福岡市,早良区,街区,さわら台東公園,東入部一丁目222-86,33.52338836,130.34290419
九州,福岡県,福岡市,早良区,街区,さわら台西公園,東入部一丁目1619-250,33.52358112,130.34079675
九州,福岡県,福岡市,早良区,街区,石釜公園,大字石釜186-3,33.49005039,130.32589128
九州,福岡県,福岡市,早良区,街区,室見庄浜公園,室見四丁目12-8,33.57597553,130.34111274
九州,福岡県,福岡市,早良区,街区,椎原公園,大字椎原1184-1，1185-1,33.47054317,130.35019367
九州,福岡県,福岡市,早良区,街区,早良北公園,早良五丁目1329-1,33.50371047,130.33358395
九州,福岡県,福岡市,早良区,街区,重留北公園,重留三丁目460-36,33.53303455,130.34563497
九州,福岡県,福岡市,早良区,街区,有田公園,有田三丁目517-7,33.5576279,130.33329949
九州,福岡県,福岡市,早良区,街区,内野南公園,内野二丁目627-2，628,33.49760279,130.33922668
九州,福岡県,福岡市,早良区,街区,梅林七夕公園,梅林六丁目351-4,33.54204879,130.35164306
九州,福岡県,福岡市,早良区,街区,田隈中公園,田隈二丁目153-6，651-1,33.54503404,130.33637409
九州,福岡県,福岡市,早良区,街区,松川原公園,次郎丸二丁目396-3,33.55317025,130.32706374
九州,福岡県,福岡市,早良区,街区,内野中公園,内野一丁目381-10,33.50239486,130.33928889
九州,福岡県,福岡市,早良区,街区,早良東公園,早良六丁目1210-11,33.5012447,130.33460304
九州,福岡県,福岡市,早良区,街区,都地川原公園,四箇一丁目744-3,33.53111043,130.32317968
九州,福岡県,福岡市,早良区,街区,脇山中公園,大字脇山1748-1，1749，1754，1755,33.48716211,130.35374973
九州,福岡県,福岡市,早良区,街区,長峰公園,早良四丁目714-3,33.50795928,130.33138746
九州,福岡県,福岡市,早良区,街区,野芥北公園,野芥一丁目879-13,33.54551746,130.34734293
九州,福岡県,福岡市,早良区,街区,西中山公園,大字西1251-1,33.49249005,130.3397925
九州,福岡県,福岡市,早良区,街区,田村東公園,田村四丁目555-5,33.54117276,130.33307688
九州,福岡県,福岡市,早良区,街区,百道浜西公園,百道浜四丁目901-144，901-196,33.58940097,130.34603385
九州,福岡県,福岡市,早良区,街区,百道浜東公園,百道浜一丁目901-36,33.59099817,130.35518162
九州,福岡県,福岡市,早良区,街区,重留西公園,重留七丁目1068-7,33.5339843,130.33573282
九州,福岡県,福岡市,早良区,街区,東入部中公園,東入部二丁目329-6,33.51838254,130.33623062
九州,福岡県,福岡市,早良区,街区,四箇田公園,四箇田団地549-11,33.53291005,130.33038073
九州,福岡県,福岡市,早良区,街区,田村中公園,田村三丁目461-5,33.53671511,130.32848849
九州,福岡県,福岡市,早良区,街区,野芥岩隈台公園,野芥六丁目403-55,33.53537732,130.34752845
九州,福岡県,福岡市,早良区,街区,田村北公園,田村一丁目1060-1,33.54575276,130.32728419
九州,福岡県,福岡市,早良区,街区,原中公園,原三丁目730-1.2,33.56174238,130.34368773
九州,福岡県,福岡市,早良区,街区,百道浜中公園,百道三丁目901-38,33.5894505,130.34932941
九州,福岡県,福岡市,早良区,街区,百道浜北公園,百道浜四丁目902-22，902-77の一部,33.59333825,130.34765946
九州,福岡県,福岡市,早良区,街区,飯倉西公園,飯倉四丁目278-1,33.56104141,130.35115835
九州,福岡県,福岡市,早良区,街区,荒江北公園,荒江二丁目51-2,33.57406959,130.35680973
九州,福岡県,福岡市,早良区,街区,次郎丸中公園,次郎丸三丁目547-1，547-8,33.55137816,130.3271837
九州,福岡県,福岡市,早良区,街区,有田平田公園,有田五丁目567-1,33.55672191,130.33438933
九州,福岡県,福岡市,早良区,街区,飯倉中公園,飯倉五丁目221-1,33.56258753,130.35491811
九州,福岡県,福岡市,早良区,街区,原汐入公園,原一丁目255-3,33.57278099,130.34781622
九州,福岡県,福岡市,早良区,街区,馬立山公園,内野七丁目191-3,33.49651598,130.34418301
九州,福岡県,福岡市,早良区,街区,小笠木公園,大字小笠木969-1，970-3,33.491215,130.36624995
九州,福岡県,福岡市,早良区,街区,貞島公園,田村七丁目327-3,33.53671511,130.32533474
九州,福岡県,福岡市,早良区,街区,昭代南公園,昭代三丁目28，29,33.5751598,130.3519808
九州,福岡県,福岡市,早良区,幼児,曙公園,曙一丁目29,33.57667329,130.36179451
九州,福岡県,福岡市,早良区,幼児,金門公園,室見二丁目10-2，10-9，11-26，11-27，11-28,33.57808889,130.34329254
九州,福岡県,福岡市,早良区,幼児,干隈２号公園,干隈五丁目168-20,33.55386902,130.34395297
九州,福岡県,福岡市,早良区,幼児,深田公園,賀茂二丁目263-23,33.55019862,130.34181301
九州,福岡県,福岡市,早良区,幼児,唐の沖公園,田隈三丁目2-10,33.54088187,130.3411466
九州,福岡県,福岡市,早良区,幼児,宮井手公園,干隈六丁目932-28,33.55061132,130.34703795
九州,福岡県,福岡市,早良区,幼児,西大坪公園,原七丁目1136-5,33.56186341,130.34164223
九州,福岡県,福岡市,早良区,幼児,晩上田公園,田隈三丁目65-12,33.54280924,130.3398296
九州,福岡県,福岡市,早良区,幼児,内林公園,田隈一丁目216-4,33.54652144,130.337959
九州,福岡県,福岡市,早良区,幼児,三十田公園,賀茂四丁目432-5,33.55161202,130.33638255
九州,福岡県,福岡市,早良区,幼児,野芥４号公園,野芥三丁目553-6,33.54283182,130.34341621
九州,福岡県,福岡市,早良区,幼児,高取公園,祖原370-1,33.58025346,130.35666689
九州,福岡県,福岡市,早良区,幼児,野芥１号公園,野芥三丁目552-68,33.54165215,130.34361719
九州,福岡県,福岡市,早良区,幼児,深町公園,賀茂四丁目453-42,33.55491717,130.33736844
九州,福岡県,福岡市,早良区,幼児,丸尾公園,飯倉六丁目2-13,33.55808571,130.35488595
九州,福岡県,福岡市,早良区,幼児,森町公園,田村五丁目25-21,33.53761116,130.33348733
九州,福岡県,福岡市,早良区,幼児,籾田公園,有田三丁目523-11,33.55736229,130.33378189
九州,福岡県,福岡市,早良区,幼児,荒江１号公園,荒江三丁目315-2,33.57182409,130.35185094
九州,福岡県,福岡市,早良区,幼児,木ノ坪公園,有田四丁目636-22,33.55599644,130.33938127
九州,福岡県,福岡市,早良区,幼児,四箇東公園,四箇六丁目491-6,33.53083182,130.33175354
九州,福岡県,福岡市,早良区,幼児,早良１号公園,早良七丁目900-339,33.49627253,130.33466612
九州,福岡県,福岡市,早良区,幼児,早良２号公園,早良七丁目900-340,33.49769064,130.33449606
九州,福岡県,福岡市,早良区,幼児,早良３号公園,早良七丁目900-343,33.49604663,130.33169789
九州,福岡県,福岡市,早良区,幼児,満所公園,田村五丁目1101-10,33.53518706,130.33470198
九州,福岡県,福岡市,早良区,幼児,塚本公園,重留七丁目1024-5,33.53244019,130.33529563
九州,福岡県,福岡市,早良区,幼児,スキサキ公園,野芥一丁目903-6,33.54834571,130.34843262
九州,福岡県,福岡市,早良区,幼児,餅田１号公園,野芥八丁目1139-41,33.53858451,130.33670059
九州,福岡県,福岡市,早良区,幼児,餅田２号公園,野芥八丁目1141-27,33.53849616,130.33715572
九州,福岡県,福岡市,早良区,幼児,敷町公園,原六丁目605-4,33.56392482,130.34613956
九州,福岡県,福岡市,早良区,幼児,熊山公園,早良五丁目1323-10,33.50472247,130.33345533
九州,福岡県,福岡市,早良区,幼児,若上公園,次郎丸四丁目425-8,33.54817608,130.32824707
九州,福岡県,福岡市,早良区,幼児,舟底公園,原二丁目375-13,33.57011733,130.34722792
九州,福岡県,福岡市,早良区,幼児,原１号公園,原六丁目603-4,33.56296904,130.34554592
九州,福岡県,福岡市,早良区,幼児,餅田３号公園,野芥八丁目1143-3,33.53794165,130.33794012
九州,福岡県,福岡市,早良区,幼児,樋ノ口公園,野芥五丁目115-30,33.53862267,130.35024314
九州,福岡県,福岡市,早良区,幼児,荒江２号公園,荒江三丁目7-3,33.57365383,130.35284653
九州,福岡県,福岡市,早良区,幼児,熊山１号公園,早良五丁目1321-4,33.5050839,130.33376204
九州,福岡県,福岡市,早良区,幼児,熊山２号公園,早良六丁目1166-15,33.50255388,130.33280232
九州,福岡県,福岡市,早良区,幼児,野中公園,大字脇山2438-4,33.48450644,130.35037424
九州,福岡県,福岡市,早良区,幼児,満所１号公園,野芥八丁目1059-4,33.53478547,130.3371953
九州,福岡県,福岡市,早良区,幼児,野芥５号公園,野芥二丁目376-1,33.54431118,130.34400244
九州,福岡県,福岡市,早良区,幼児,竹の花１区公園,干隈五丁目600-9,33.55240723,130.34510068
九州,福岡県,福岡市,早良区,幼児,飯倉１号公園,飯倉二丁目501-3,33.56824628,130.35357514
九州,福岡県,福岡市,早良区,幼児,飯倉２号公園,飯倉七丁目281-5,33.55735757,130.35044934
九州,福岡県,福岡市,早良区,幼児,ツル１号公園,内野五丁目277-13,33.4989917,130.34246052
九州,福岡県,福岡市,早良区,幼児,東大谷公園,梅林七丁目47-15,33.53773067,130.35359917
九州,福岡県,福岡市,早良区,幼児,熊山３号公園,早良六丁目1139-40,33.50086721,130.33102138
九州,福岡県,福岡市,早良区,幼児,ツル２号公園,内野五丁目272-13,33.49988122,130.34215894
九州,福岡県,福岡市,早良区,幼児,原２号公園,原一丁目163-4,33.57148216,130.34935855
九州,福岡県,福岡市,早良区,幼児,脇山公園,脇山二丁目2766-1,33.49795986,130.34920001
九州,福岡県,福岡市,早良区,幼児,小田部１号公園,小田部一丁目314-2,33.57031814,130.33472177
九州,福岡県,福岡市,早良区,幼児,原３号公園,原五丁目1320-7,33.56569483,130.33974578
九州,福岡県,福岡市,早良区,幼児,馬立山北公園,内野七丁目190-17,33.49604412,130.34391092
九州,福岡県,福岡市,早良区,幼児,野芥６号公園,野芥二丁目442-1,33.54570068,130.34328017
九州,福岡県,福岡市,早良区,幼児,ツル公園,内野五丁目247-35,33.49774311,130.34153565
九州,福岡県,福岡市,早良区,幼児,原４号公園,原六丁目635-2,33.56583417,130.34495114
九州,福岡県,福岡市,早良区,幼児,原５号公園,原四丁目1260-2,33.56745681,130.34180842
九州,福岡県,福岡市,早良区,幼児,東入部１号公園,東入部一丁目1619-276,33.52481802,130.33985681
九州,福岡県,福岡市,早良区,幼児,野芥２号公園,野芥六丁目403-29,33.53681259,130.34627058
九州,福岡県,福岡市,早良区,幼児,重留１号公園,重留三丁目461-58,33.53496218,130.34469503
九州,福岡県,福岡市,早良区,幼児,早良４号公園,早良七丁目918-6,33.49789143,130.33483617
九州,福岡県,福岡市,早良区,幼児,重留２号公園,重留三丁目429-18,33.53167717,130.34576359
九州,福岡県,福岡市,早良区,幼児,重留３号公園,重留七丁目1047-36,33.53305061,130.3371953
九州,福岡県,福岡市,早良区,幼児,飯倉３号公園,飯倉八丁目575-4,33.55996,130.34689
九州,福岡県,福岡市,早良区,幼児,重留４号公園,重留一丁目1209-4,33.53414745,130.33774256
九州,福岡県,福岡市,早良区,幼児,原６号公園,原二丁目22-9,33.56955588,130.35091663
九州,福岡県,福岡市,早良区,幼児,南庄１号公園,南庄三丁目195-1,33.57182811,130.33503838
九州,福岡県,福岡市,早良区,幼児,野芥３号公園,野芥六丁目411-39,33.53600843,130.34373121
九州,福岡県,福岡市,早良区,幼児,野芥７号公園,野芥二丁目817-2,33.54720262,130.3449127
九州,福岡県,福岡市,早良区,幼児,梅林１号公園,梅林七丁目44-40,33.53585697,130.3534721
九州,福岡県,福岡市,早良区,幼児,東入部２号公園,東入部一丁目1681-13,33.52574971,130.33985681
九州,福岡県,福岡市,早良区,幼児,小田部２号公園,小田部七丁目98-3,33.57160461,130.33030614
九州,福岡県,福岡市,早良区,幼児,原７号公園,原六丁目830-1,33.56405333,130.34477418
九州,福岡県,福岡市,早良区,幼児,小田部３号公園,小田部七丁目137-3,33.57388802,130.32955281
九州,福岡県,福岡市,早良区,幼児,原８号公園,原二丁目62-3,33.56934418,130.34793988
九州,福岡県,福岡市,早良区,幼児,田村１号公園,田村六丁目194-8,33.53796529,130.32874079
九州,福岡県,福岡市,早良区,幼児,原９号公園,原四丁目1270-15,33.5686435,130.34039364
九州,福岡県,福岡市,早良区,都市緑地,脇山１号公園,脇山一丁目1009-11,33.498855,130.35060591
九州,福岡県,福岡市,早良区,幼児,梅林２号公園,梅林七丁目551-11,33.54233128,130.35383856
九州,福岡県,福岡市,早良区,幼児,原１０号公園,原二丁目384-8,33.5695269,130.34617006
九州,福岡県,福岡市,早良区,幼児,野芥８号公園,野芥五丁目459-4,33.53608087,130.35058781
九州,福岡県,福岡市,早良区,幼児,野芥９号公園,野芥五丁目472-6,33.53547831,130.35207113
九州,福岡県,福岡市,早良区,幼児,戸井公園,田村二丁目808-29,33.54317795,130.32881619
九州,福岡県,福岡市,早良区,幼児,藤崎１号公園,藤崎二丁目157，158，159-1，159-2，160-1，160-2,33.57526571,130.34796997
九州,福岡県,福岡市,早良区,幼児,飯場１号公園,大字飯場214-1,33.50179287,130.29234918
九州,福岡県,福岡市,早良区,幼児,梅林３号公園,梅林七丁目151-3,33.54050532,130.35270446
九州,福岡県,福岡市,早良区,幼児,重留５号公園,重留五丁目840-6,33.52740735,130.34101793
九州,福岡県,福岡市,早良区,幼児,田村２号公園,田村一丁目1069-6,33.54433226,130.32722932
九州,福岡県,福岡市,早良区,幼児,飯倉４号公園,飯倉六丁目115-5,33.55909545,130.35561981
九州,福岡県,福岡市,早良区,幼児,次郎丸２号公園,次郎丸五丁目279-9,33.54777856,130.33099013
九州,福岡県,福岡市,早良区,幼児,野芥１０号公園,野芥七丁目540-14,33.5400945,130.34293388
九州,福岡県,福岡市,早良区,幼児,田村３号公園,田村五丁目1129-9,33.53638623,130.33568079
九州,福岡県,福岡市,早良区,幼児,内野１号公園,内野五丁目276-20,33.49939158,130.3418674
九州,福岡県,福岡市,早良区,幼児,室見中公園,室見五丁目7-13,33.57916676,130.33891938
九州,福岡県,福岡市,早良区,幼児,次郎丸３号公園,次郎丸五丁目295-5,33.54920994,130.33133973
九州,福岡県,福岡市,早良区,幼児,小田部４号公園,小田部六丁目83-4,33.57214134,130.32847721
九州,福岡県,福岡市,早良区,幼児,内野２号公園,内野三丁目323-21,33.49974744,130.34078754
九州,福岡県,福岡市,早良区,幼児,原１１号公園,原四丁目1264-3,33.56842692,130.34180725
九州,福岡県,福岡市,早良区,幼児,早良５号公園,早良一丁目1266-29,33.50411806,130.33780232
九州,福岡県,福岡市,早良区,幼児,田村４号公園,田村二丁目791-3,33.5438281,130.32961787
九州,福岡県,福岡市,早良区,幼児,有田１号公園,有田五丁目631-3,33.55561898,130.33646898
九州,福岡県,福岡市,早良区,緑道,室見川河畔（公園）,"南庄五丁目，六丁目小田部四丁目,五丁目,六丁目",33.57719536,130.33068992
九州,福岡県,福岡市,早良区,緑道,百道浜西（緑地）,百道浜四丁目901-145,33.59137267,130.34573257
九州,福岡県,福岡市,西区,風致,徳永南公園,大字徳永397-17，400-2，402-14大字女原366-17,33.56522415,130.26202703
九州,福岡県,福岡市,西区,風致,今宿森林公園,大字今宿字上ノ原外,33.55037923,130.28098819
九州,福岡県,福岡市,西区,風致,生の松原海岸森林公園,生の松原一丁目1188-7外,33.58054961,130.30375454
九州,福岡県,福岡市,西区,風致,能古の島公園,能古1608-51，-28，-61，-64,33.62128949,130.30300843
九州,福岡県,福岡市,西区,運動,西部運動公園,大字飯盛１０９-１外,33.54507456,130.31975892
九州,福岡県,福岡市,西区,運動,今津運動公園,今津2200外,33.60587656,130.24655396
九州,福岡県,福岡市,西区,近隣,壱岐公園,福重二丁目431-1,33.56445449,130.32025549
九州,福岡県,福岡市,西区,近隣,長垂公園,今宿青木1111-6外,33.58220989,130.28617216
九州,福岡県,福岡市,西区,近隣,愛宕浜中央公園,愛宕浜三丁目5047-3,33.59579678,130.33348137
九州,福岡県,福岡市,西区,近隣,室見が丘中央公園,大字金武70-6,33.51978727,130.31857476
九州,福岡県,福岡市,西区,近隣,姪浜中央公園,姪の浜駅南二丁目700-1,33.58101822,130.32493638
九州,福岡県,福岡市,西区,近隣,西の丘中央公園,西の丘三丁目162,33.56589537,130.29983861
九州,福岡県,福岡市,西区,近隣,長垂海浜公園,今宿駅前一丁目1120-9，1120-299,33.58035516,130.28002806
九州,福岡県,福岡市,西区,近隣,田尻中央公園,富士見二丁目283,33.58284482,130.24259268
九州,福岡県,福岡市,西区,都市緑地,豊浜公園,豊浜一丁目23外,33.58954312,130.33776581
九州,福岡県,福岡市,西区,街区,石崎公園,大字田尻59-1,33.58447122,130.25422344
九州,福岡県,福岡市,西区,街区,上ノ原公園,今宿上ノ原575，597-1，622-1，623-1,33.56448,130.2776562
九州,福岡県,福岡市,西区,都市緑地,生ノ松原公園,生の松原四丁目1655-95，1707-114,33.57166296,130.29651863
九州,福岡県,福岡市,西区,街区,名柄公園,小戸一丁目2497-16,33.58942887,130.31905228
九州,福岡県,福岡市,西区,街区,小戸南公園,小戸三丁目2571-215,33.58789108,130.31744381
九州,福岡県,福岡市,西区,街区,泉公園,泉三丁目1048-1,33.5774836,130.2444721
九州,福岡県,福岡市,西区,街区,福重公園,福重三丁目331-8,33.5708428,130.32037377
九州,福岡県,福岡市,西区,街区,宮の浦公園,"大字宮浦2127-4，2132-4，2134-4,2145-2,2151-3",33.63841771,130.22814866
九州,福岡県,福岡市,西区,都市緑地,下山門１号公園,下山門一丁目353-9外,33.58031945,130.31632542
九州,福岡県,福岡市,西区,街区,戸切公園,"戸切三丁目108-3，108-4，109-2，108-2,113-3,113-4",33.55257502,130.31552873
九州,福岡県,福岡市,西区,街区,石丸公園,石丸一丁目1099,33.5733963,130.32120461
九州,福岡県,福岡市,西区,街区,都町公園,内浜二丁目1303-1,33.58278603,130.31933879
九州,福岡県,福岡市,西区,街区,今宿公園,今宿東二丁目582-10,33.57684094,130.27954426
九州,福岡県,福岡市,西区,街区,上山門公園,上山門一丁目1099-5,33.57362766,130.30570701
九州,福岡県,福岡市,西区,街区,姪浜公園,姪の浜駅南四丁目199-1,33.58207656,130.32949162
九州,福岡県,福岡市,西区,街区,下山門中央公園,下山門団地860-14，868-2，870-2，1012-2，1024-3,33.57801405,130.3076799
九州,福岡県,福岡市,西区,街区,牧の神公園,大字能古1622-3，1622-7,33.6314904,130.30316551
九州,福岡県,福岡市,西区,街区,野方藤ヶ丘北公園,野方三丁目216-93,33.55006968,130.31266364
九州,福岡県,福岡市,西区,街区,徳永公園,大字徳永664-1，665-9,33.57329103,130.25472295
九州,福岡県,福岡市,西区,街区,下山門北公園,下山門三丁目460-1,33.57844453,130.31144724
九州,福岡県,福岡市,西区,街区,野方東公園,野方五丁目1030-23,33.55256686,130.30557632
九州,福岡県,福岡市,西区,街区,野方藤ヶ丘南公園,野方三丁目610-82,33.54660137,130.30990914
九州,福岡県,福岡市,西区,街区,野方台公園,野方五丁目898-48,33.54895982,130.29971547
九州,福岡県,福岡市,西区,街区,野方南公園,野方五丁目952-19,33.55022473,130.30261071
九州,福岡県,福岡市,西区,街区,石丸東公園,石丸三丁目110-1,33.57423359,130.31443296
九州,福岡県,福岡市,西区,街区,石丸西公園,石丸三丁目187-9,33.57388268,130.31192978
九州,福岡県,福岡市,西区,街区,山ノ上公園,上山門二丁目1043-2,33.57023484,130.30350542
九州,福岡県,福岡市,西区,街区,壱岐団地西公園,壱岐団地101-2,33.56190273,130.31293507
九州,福岡県,福岡市,西区,街区,壱岐団地北公園,壱岐団地173-15,33.56244134,130.31485518
九州,福岡県,福岡市,西区,街区,壱岐団地中公園,壱岐団地173-16，173-22の一部，1060-6,33.55964221,130.31507634
九州,福岡県,福岡市,西区,都市緑地,壱岐団地公園,壱岐団地8−9外,33.55713534,130.3152408
九州,福岡県,福岡市,西区,街区,壱岐団地南公園,壱岐団地1345-74,33.5557989,130.31461922
九州,福岡県,福岡市,西区,街区,壱岐団地中央公園,壱岐団地60-17,33.5592505,130.31372925
九州,福岡県,福岡市,西区,街区,野方萩ヶ丘南公園,野方三丁目244-57,33.54843884,130.30795887
九州,福岡県,福岡市,西区,街区,磯辺公園,大字能古1299-2,33.60770399,130.30049557
九州,福岡県,福岡市,西区,街区,今宿西公園,今宿三丁目721-2,33.58017664,130.2668493
九州,福岡県,福岡市,西区,街区,姪浜北公園,姪の浜三丁目3646-2,33.59063257,130.32656998
九州,福岡県,福岡市,西区,街区,新室見公園,福重五丁目816-4,33.57551482,130.32644621
九州,福岡県,福岡市,西区,街区,小戸天神免公園,小戸四丁目1448-1,33.58516488,130.31843654
九州,福岡県,福岡市,西区,街区,女原公園,大字女原56-1，59-1,33.57369906,130.26340931
九州,福岡県,福岡市,西区,街区,下山門西公園,生の松原四丁目1701-17，1701-37，1707-235,33.57462735,130.29965012
九州,福岡県,福岡市,西区,街区,大町団地西公園,大町団地340-1,33.57721226,130.31899699
九州,福岡県,福岡市,西区,街区,今宿青木公園,今宿青木230-2,33.56896839,130.2790856
九州,福岡県,福岡市,西区,街区,拾六町東公園,拾六町三丁目553-2,33.56790087,130.30767739
九州,福岡県,福岡市,西区,街区,壱岐団地東公園,壱岐団地1269-74,33.55598774,130.31630107
九州,福岡県,福岡市,西区,街区,拾六町中公園,拾六町四丁目675-97，689-3,33.56498503,130.30543896
九州,福岡県,福岡市,西区,街区,拾六町南公園,拾六町四丁目809-1,33.56253111,130.30587791
九州,福岡県,福岡市,西区,街区,宇賀公園,生の松原一丁目1216-10,33.58205973,130.3074522
九州,福岡県,福岡市,西区,街区,桑原公園,大字桑原731-4,33.60304739,130.22414594
九州,福岡県,福岡市,西区,街区,野方公園,野方一丁目506-2,33.55652073,130.30886112
九州,福岡県,福岡市,西区,街区,橋本公園,橋本二丁目734-5，1137-2,33.55753062,130.32199904
九州,福岡県,福岡市,西区,街区,横浜北公園,横浜二丁目1435-44,33.59248913,130.26256989
九州,福岡県,福岡市,西区,街区,下山門２号公園,下山門一丁目397-3,33.57927896,130.31832344
九州,福岡県,福岡市,西区,街区,小松原公園,生の松原二丁目1339-1,33.57703476,130.30171097
九州,福岡県,福岡市,西区,街区,徳永北公園,大字徳永443-14，503-2，505-4,33.56829095,130.25721972
九州,福岡県,福岡市,西区,街区,北原公園,大字徳永929-1,33.58093355,130.2562667
九州,福岡県,福岡市,西区,街区,愛宕北公園,愛宕三丁目4269-97,33.58656445,130.33682083
九州,福岡県,福岡市,西区,街区,道隈西公園,野方二丁目377-41,33.55401947,130.31019464
九州,福岡県,福岡市,西区,街区,神功町公園,小戸四丁目1538-1,33.58229843,130.31459129
九州,福岡県,福岡市,西区,街区,今津公園,今津1586-4,33.60726005,130.25982544
九州,福岡県,福岡市,西区,街区,平田公園,大字飯氏921-4,33.56752751,130.2425809
九州,福岡県,福岡市,西区,街区,姪浜当方公園,姪の浜六丁目2898-1,33.58979609,130.32332477
九州,福岡県,福岡市,西区,街区,城の原南公園,上山門一丁目497-1,33.57165888,130.30633846
九州,福岡県,福岡市,西区,街区,神功町西公園,小戸五丁目1658-3,33.58444827,130.31218173
九州,福岡県,福岡市,西区,街区,小戸東公園,小戸一丁目2362-1，2363-3,33.59120637,130.32111941
九州,福岡県,福岡市,西区,街区,千里公園,大字千里448-11,33.5669787,130.2399717
九州,福岡県,福岡市,西区,街区,西ノ浦公園,大字西浦1065-14,33.65107295,130.20957587
九州,福岡県,福岡市,西区,街区,福重東公園,福重団地104-4，789-8,33.56952485,130.32459647
九州,福岡県,福岡市,西区,街区,泉東公園,泉二丁目79,33.58016389,130.24223533
九州,福岡県,福岡市,西区,街区,愛宕浜南公園,愛宕四丁目5045-72,33.59167632,130.33238347
九州,福岡県,福岡市,西区,街区,周船寺中公園,周船寺一丁目592-1，592-2,33.57042202,130.24465431
九州,福岡県,福岡市,西区,街区,横浜西公園,横浜一丁目291,33.58557292,130.26224066
九州,福岡県,福岡市,西区,街区,横浜南公園,横浜一丁目128,33.58296148,130.26474132
九州,福岡県,福岡市,西区,街区,吉武公園,大字吉武287-1,33.53605771,130.3119147
九州,福岡県,福岡市,西区,街区,田尻中公園,大字田尻356-1,33.58457976,130.24480234
九州,福岡県,福岡市,西区,街区,壱岐東公園,壱岐団地1023-29,33.56191701,130.31690975
九州,福岡県,福岡市,西区,街区,福重北公園,福重四丁目186-12,33.57294419,130.32407874
九州,福岡県,福岡市,西区,街区,生松台東公園,生松台二丁目46-1,33.55265459,130.30318121
九州,福岡県,福岡市,西区,街区,生松台中公園,生松台二丁目23-17,33.55431733,130.29996428
九州,福岡県,福岡市,西区,街区,生松台南公園,生松台二丁目32-6,33.55097552,130.30063028
九州,福岡県,福岡市,西区,街区,玄界島公園,大字玄界島1-25，1-34，80-6，80-17，33-18,33.68519499,130.2344443
九州,福岡県,福岡市,西区,街区,生松台北１号公園,生松台一丁目4-16,33.55924233,130.29866996
九州,福岡県,福岡市,西区,街区,生松台北２号公園,生松台一丁目20-17,33.55751226,130.2995707
九州,福岡県,福岡市,西区,街区,今宿松原公園,今宿駅前一丁目1120-257,33.58076829,130.27686767
九州,福岡県,福岡市,西区,街区,今津西公園,今津3546-1,33.61124796,130.23564202
九州,福岡県,福岡市,西区,街区,今宿楠木公園,今宿東三丁目840-1,33.57474771,130.28021278
九州,福岡県,福岡市,西区,街区,田尻西公園,富士見一丁目1388-1，1388-6，1388-7，1388-11,33.58307114,130.23865397
九州,福岡県,福岡市,西区,街区,飯盛公園,大字飯盛461-7,33.53965863,130.31498084
九州,福岡県,福岡市,西区,街区,千里中公園,大字千里341-1,33.56256732,130.24287934
九州,福岡県,福岡市,西区,街区,金武南公園,大字金武204-1,33.52137395,130.31563834
九州,福岡県,福岡市,西区,街区,林田公園,横浜三丁目268,33.58582182,130.25965454
九州,福岡県,福岡市,西区,街区,下新田公園,横浜三丁目301,33.58583814,130.25654818
九州,福岡県,福岡市,西区,街区,上新田公園,横浜三丁目32,33.58311246,130.26145401
九州,福岡県,福岡市,西区,街区,周船寺北公園,周船寺三丁目47-9，49-5，50,33.57638814,130.25085127
九州,福岡県,福岡市,西区,街区,室見が丘西公園,大字金武71-14,33.51903239,130.31537039
九州,福岡県,福岡市,西区,街区,今宿谷公園,今宿町426-2,33.57177199,130.27003483
九州,福岡県,福岡市,西区,街区,姪浜中公園,姪浜駅南三丁目86,33.58099271,130.32788629
九州,福岡県,福岡市,西区,街区,西の丘南公園,"西の丘一丁目36,1006",33.56195527,130.30063657
九州,福岡県,福岡市,西区,街区,室見が丘東公園,大字西入部294-82，422-59,33.51823162,130.31981567
九州,福岡県,福岡市,西区,街区,室見が丘南公園,室見が丘三丁目149-2，345-17,33.51677391,130.31675518
九州,福岡県,福岡市,西区,街区,石丸中公園,石丸二丁目68-1,33.57329314,130.31694382
九州,福岡県,福岡市,西区,街区,宇田川原公園,大字宇田川原260-5，261-4，261-5，262-8,33.55901613,130.24455614
九州,福岡県,福岡市,西区,街区,姪浜南公園,姪浜駅南二丁目264,33.57713676,130.3252474
九州,福岡県,福岡市,西区,街区,姪浜東公園,姪の浜二丁目3788-16,33.58752414,130.33211003
九州,福岡県,福岡市,西区,街区,内浜南公園,内浜一丁目71,33.57925855,130.32220324
九州,福岡県,福岡市,西区,街区,姪浜明治通公園,姪の浜一丁目446-1，447-2,33.58722546,130.32765256
九州,福岡県,福岡市,西区,街区,愛宕東公園,愛宕三丁目4285-2，4285-3，4285-11，4285-13，4285-16，4285-17，4285-18，4285-30の各一部,33.58331181,130.33954335
九州,福岡県,福岡市,西区,街区,富士見西公園,富士見一丁目181,33.58132424,130.23603078
九州,福岡県,福岡市,西区,街区,愛宕浜北公園,愛宕浜二丁目5047-17,33.59443138,130.33891184
九州,福岡県,福岡市,西区,街区,石丸南公園,"石丸四丁目278-1,278-2，278-6",33.57069272,130.31066933
九州,福岡県,福岡市,西区,街区,小呂島公園,大字小呂島132，133,33.86412139,130.03544106
九州,福岡県,福岡市,西区,街区,田尻南公園,田尻一丁目112,33.58028884,130.24646589
九州,福岡県,福岡市,西区,都市緑地,愛宕浜東公園,愛宕浜二丁目5047-4,33.59278496,130.33883975
九州,福岡県,福岡市,西区,街区,元岡公園,大字元岡2561-2，2562-1，2562-4，2570，2736-3，2742-5，2742-6，2744-5，,33.58685823,130.21987589
九州,福岡県,福岡市,西区,幼児,城の原公園,上山門二丁目1602-3,33.57315637,130.30268187
九州,福岡県,福岡市,西区,幼児,ククサ公園,石丸二丁目50-12,33.57242394,130.3183946
九州,福岡県,福岡市,西区,幼児,水ヶ元公園,生の松原一丁目1043-40,33.57945482,130.30511468
九州,福岡県,福岡市,西区,幼児,道隈公園,野方二丁目369,33.55388073,130.31215173
九州,福岡県,福岡市,西区,幼児,カハクボ公園,周船寺二丁目605-15,33.57158417,130.24649906
九州,福岡県,福岡市,西区,都市緑地,姪浜１号公園,愛宕浜四丁目5034,33.58103256,130.33307292
九州,福岡県,福岡市,西区,幼児,愛宕公園,愛宕二丁目4133-4,33.58310429,130.33532374
九州,福岡県,福岡市,西区,幼児,生田公園,生の松原三丁目1273-15,33.57787327,130.2981279
九州,福岡県,福岡市,西区,幼児,鹿町公園,福重三丁目332-24,33.57051637,130.31885955
九州,福岡県,福岡市,西区,幼児,大谷公園,野方三丁目265-43,33.55187932,130.3119147
九州,福岡県,福岡市,西区,幼児,緑町公園,今津4807-107,33.60911661,130.25183164
九州,福岡県,福岡市,西区,幼児,周船寺東公園,周船寺三丁目381-19,33.57384187,130.24900425
九州,福岡県,福岡市,西区,幼児,大音公園,野方五丁目890-102,33.55021657,130.29927314
九州,福岡県,福岡市,西区,幼児,松本公園,今宿東一丁目55-12,33.57445462,130.27493222
九州,福岡県,福岡市,西区,幼児,小畠公園,今宿東一丁目68-2,33.57489944,130.27583287
九州,福岡県,福岡市,西区,都市緑地,野方１号公園,野方五丁目1098-318,33.55671239,130.31300224
九州,福岡県,福岡市,西区,幼児,九郎丸公園,泉一丁目1132-16,33.57652489,130.24069019
九州,福岡県,福岡市,西区,幼児,柳公園,上山門一丁目1107-9,33.57469361,130.30546693
九州,福岡県,福岡市,西区,幼児,神田公園,上山門一丁目1081-14,33.57448087,130.30696676
九州,福岡県,福岡市,西区,幼児,中町公園,大字田尻162-36,33.58027864,130.25196154
九州,福岡県,福岡市,西区,幼児,中原公園,野方三丁目245-2,33.5516243,130.31128639
九州,福岡県,福岡市,西区,幼児,大町団地東公園,大町団地1161-5,33.57794518,130.32109633
九州,福岡県,福岡市,西区,幼児,勧進原公園,野方二丁目383-18,33.55152229,130.30712699
九州,福岡県,福岡市,西区,幼児,横浜公園,横浜二丁目1810-24,33.59213822,130.26396725
九州,福岡県,福岡市,西区,幼児,小松原西公園,生の松原三丁目1283-3,33.57762028,130.29940462
九州,福岡県,福岡市,西区,幼児,高崎公園,上山門三丁目1078-53,33.57049107,130.3014715
九州,福岡県,福岡市,西区,幼児,野方塚原公園,野方四丁目1052-18,33.54998194,130.30442103
九州,福岡県,福岡市,西区,幼児,横浜１号公園,横浜二丁目1868-29,33.59252178,130.26541487
九州,福岡県,福岡市,西区,幼児,飯氏西公園,大字飯氏912-12,33.56878366,130.24288514
九州,福岡県,福岡市,西区,幼児,橋本１号公園,橋本二丁目1208-59,33.55672092,130.31817862
九州,福岡県,福岡市,西区,幼児,飯氏公園,大字飯氏146-2,33.56649147,130.25214736
九州,福岡県,福岡市,西区,幼児,愛宕２号公園,愛宕三丁目4234-1，4234-4,33.58397545,130.33805369
九州,福岡県,福岡市,西区,幼児,西ノ浦岡公園,大字西浦1020-1,33.65028747,130.21258751
九州,福岡県,福岡市,西区,幼児,上野間公園,姪の浜四丁目779-2,33.58582997,130.32451684
九州,福岡県,福岡市,西区,幼児,拾六町１号公園,拾六町四丁目621-129,33.56676244,130.30404828
九州,福岡県,福岡市,西区,幼児,野方２号公園,野方五丁目1098-134,33.54824168,130.29851917
九州,福岡県,福岡市,西区,幼児,道隈２号公園,野方二丁目377-62,33.55384038,130.31070745
九州,福岡県,福岡市,西区,幼児,福重１号公園,福重三丁目340-15,33.56944017,130.31910145
九州,福岡県,福岡市,西区,幼児,福重２号公園,福重四丁目248-17,33.57108183,130.32449835
九州,福岡県,福岡市,西区,幼児,千里台公園,"大字千里470-8,470-45",33.56594457,130.23787544
九州,福岡県,福岡市,西区,幼児,道隈１号公園,野方二丁目296-2,33.55576458,130.31083527
九州,福岡県,福岡市,西区,幼児,十郎川団地公園,十郎川団地266-18,33.5704349,130.31255074
九州,福岡県,福岡市,西区,幼児,姪浜２号公園,姪の浜六丁目2683-1,33.58805683,130.31998108
九州,福岡県,福岡市,西区,幼児,周船寺１号公園,大字周船寺133-5,33.57361745,130.25084315
九州,福岡県,福岡市,西区,幼児,今宿１号公園,今宿町1230-8,33.58410398,130.26799173
九州,福岡県,福岡市,西区,幼児,上山門１号公園,上山門二丁目1607-15,33.5740213,130.30337567
九州,福岡県,福岡市,西区,幼児,愛宕浜１号公園,愛宕浜四丁目6-13,33.59231571,130.33017538
九州,福岡県,福岡市,西区,幼児,今津大原公園,今津3581-2,33.61248801,130.23552076
九州,福岡県,福岡市,西区,幼児,姪浜３号公園,姪の浜二丁目3921-25,33.58713431,130.33055839
九州,福岡県,福岡市,西区,幼児,姪浜４号公園,愛宕南二丁目148-2,33.58065144,130.33228068
九州,福岡県,福岡市,西区,幼児,愛宕浜２号公園,愛宕浜一丁目12-15,33.59158124,130.33457982
九州,福岡県,福岡市,西区,幼児,愛宕１号公園,愛宕四丁目4280-100,33.58512445,130.34006354
九州,福岡県,福岡市,西区,幼児,愛宕浜４号公園,愛宕浜四丁目5032-39,33.59383309,130.3281648
九州,福岡県,福岡市,西区,幼児,姪浜５号公園,姪の浜三丁目5003-53,33.58507919,130.32145069
九州,福岡県,福岡市,西区,幼児,福重３号公園,福重三丁目299-2,33.56848809,130.32227432
九州,福岡県,福岡市,西区,幼児,野方３号公園,野方四丁目1098-238,33.54757249,130.29911308
九州,福岡県,福岡市,西区,幼児,愛宕浜３号公園,愛宕浜四丁目41-12,33.59387253,130.33169946
九州,福岡県,福岡市,西区,幼児,今宿青木１号公園,今宿青木103-5,33.57198689,130.27688322
九州,福岡県,福岡市,西区,幼児,野方４号公園,野方二丁目384-34,33.55272599,130.30673744
九州,福岡県,福岡市,西区,幼児,野方５号公園,野方二丁目416-25,33.55476618,130.30907474
九州,福岡県,福岡市,西区,幼児,今津１号公園,今津4813-24,33.60669211,130.25665411
九州,福岡県,福岡市,西区,都市緑地,石丸１号公園,石丸二丁目721-21外,33.57154455,130.31817981
九州,福岡県,福岡市,西区,幼児,今津２号公園,今津1694-2,33.60345388,130.26019819
九州,福岡県,福岡市,西区,幼児,野方７号公園,野方六丁目577-21,33.56079613,130.30823897
九州,福岡県,福岡市,西区,幼児,野方６号公園,野方二丁目387-8,33.55290137,130.30752227
九州,福岡県,福岡市,西区,幼児,拾六町２号公園,拾六町二丁目390-6,33.56385517,130.31056588
九州,福岡県,福岡市,西区,幼児,姪浜６号公園,姪の浜二丁目3803-5,33.58983689,130.33080997
九州,福岡県,福岡市,西区,幼児,周船寺２号公園,周船寺三丁目90-2,33.57716314,130.25058684
九州,福岡県,福岡市,西区,幼児,今宿東１号公園,今宿東二丁目755-12,33.57889709,130.27948272
九州,福岡県,福岡市,西区,幼児,周船寺３号公園,周船寺三丁目1-12,33.57777942,130.25158455
九州,福岡県,福岡市,西区,幼児,金武１号公園,大字金武779-22,33.52544317,130.31788423
九州,福岡県,福岡市,西区,幼児,女原１号公園,"大字女原279-5,396-5",33.57047761,130.26168867
九州,福岡県,福岡市,西区,幼児,飯氏１号公園,大字飯氏988-6,33.5697216,130.24041803
九州,福岡県,福岡市,西区,幼児,下山門３号公園,下山門三丁目428-3,33.57710615,130.31299115
九州,福岡県,福岡市,西区,幼児,下山門４号公園,下山門三丁目464-3,33.57774881,130.3127901
九州,福岡県,福岡市,西区,幼児,愛宕３号公園,愛宕三丁目4244-2外,33.58360668,130.33894028
九州,福岡県,福岡市,西区,幼児,愛宕南１号公園,愛宕南一丁目82-3,33.57927053,130.33133843
九州,福岡県,福岡市,西区,幼児,小戸１号公園,小戸三丁目1828-67,33.58872704,130.31358851
九州,福岡県,福岡市,西区,幼児,下山門５号公園,下山門四丁目789-2,33.58013228,130.30910001
九州,福岡県,福岡市,西区,都市緑地,愛宕１号緑地,愛宕一丁目24-11外,33.58061171,130.33506981
九州,福岡県,福岡市,西区,都市緑地,愛宕２号緑地,愛宕三丁目4242-3，4242-7の一部,33.58327947,130.33862377
九州,福岡県,福岡市,西区,都市緑地,石丸２号緑地,大町団地,33.57800268,130.31957489
九州,福岡県,福岡市,東区,幼児,香椎照葉３号公園,香椎照葉二丁目24-95,33.6685862,130.42542059
九州,福岡県,福岡市,東区,幼児,松崎６号公園,松崎一丁目1360-6,33.63459234,130.44257932
九州,福岡県,福岡市,東区,幼児,原田４号公園,原田一丁目873-9,33.61670482,130.43694016
九州,福岡県,福岡市,東区,幼児,香椎１６号公園,香椎三丁目927-16,33.65844236,130.45720496
九州,福岡県,福岡市,東区,幼児,下原４号公園,下原五丁目907-102,33.67615302,130.45064604
九州,福岡県,福岡市,東区,街区,三苫南公園,三苫一丁目1708-2，1708-4,33.696135,130.4194859
九州,福岡県,福岡市,東区,近隣,千早中央公園,千早四丁目,33.64683103,130.43655374
九州,福岡県,福岡市,南区,幼児,多賀１号公園,多賀一丁目272-5,33.56286541,130.41038785
九州,福岡県,福岡市,南区,幼児,柏原４号公園,柏原四丁目1169-59，1170-37，1171-21,33.52554922,130.39549082
九州,福岡県,福岡市,南区,街区,野多目中公園,野多目二丁目398-1，399-1,33.54130185,130.42183203
九州,福岡県,福岡市,西区,幼児,石丸２号公園,石丸三丁目246-4,33.57588017,130.31136552
九州,福岡県,福岡市,西区,地区,生松台中央公園,生松台三丁目21-2～21-8，22，23,33.55164173,130.29815999
九州,福岡県,福岡市,東区,街区,名島北公園,名島三丁目2092-9，2092-10，2093-1,33.64457448,130.4295218
九州,福岡県,福岡市,東区,街区,香椎照葉中公園,香椎照葉二丁目24-166,33.66591823,130.4240696
九州,福岡県,福岡市,東区,幼児,香住ヶ丘６号公園,香住ヶ丘一丁目10-161,33.66985955,130.43574599
九州,福岡県,福岡市,東区,幼児,香椎１７号公園,香椎三丁目891-2,33.65773494,130.45379733
九州,福岡県,福岡市,中央区,街区,笹丘東公園,笹丘三丁目121-1，121-2，122,33.56266329,130.38354906
九州,福岡県,福岡市,中央区,街区,警固南公園,警固三丁目92-7，96-7,33.57818854,130.39043969
九州,福岡県,福岡市,南区,街区,向新町中公園,向新町一丁目600-2，600-3，601-4，602，602-6，602-7，602-8,33.54199805,130.42839913
九州,福岡県,福岡市,南区,幼児,多賀２号公園,多賀二丁目51-6,33.55910094,130.41172979
九州,福岡県,福岡市,早良区,幼児,東入部３号公園,東入部二丁目1779-11,33.52387874,130.33737375
九州,福岡県,福岡市,西区,街区,橋本南公園,橋本二丁目310,33.55574547,130.32349817
九州,福岡県,福岡市,東区,国営,海の中道海浜公園,大字西戸崎,33.65750325,130.35380071
